ArticleID;idProduct;Name;ExpansionCode;SetCode;CollectorNumber;Expansion;Rarity;Language;Condition;ConditionFull;ReverseHolo;Comments;_OriginalComments;Price_EUR;_OriginalPrice_EUR;Amount;Total_EUR;ProductUrl;ImageUrl;delete
"=""2103092646""";"=""835026""";"Mm'menon, la Mano Destra";"";"";"";"Ai Confini dell'Eternità";"Rare";"";"NM";"Near Mint";"N";"";"";"0,20";"0,20";"1";"0,20";"https://www.cardmarket.com/it/Magic/Products/Singles/Edge-of-Eternities/Mmmenon-the-Right-Hand";"https://product-images.s3.cardmarket.com/1/EOE/835026/835026.jpg";"N"
"=""2102881027""";"=""835348""";"Oltre il Silenzio";"";"";"";"Ai Confini dell'Eternità";"Rare";"";"NM";"Near Mint";"N";"";"";"0,20";"0,20";"1";"0,20";"https://www.cardmarket.com/it/Magic/Products/Singles/Edge-of-Eternities/Beyond-the-Quiet";"https://product-images.s3.cardmarket.com/1/EOE/835348/835348.jpg";"N"
"=""2103092381""";"=""833840""";"Scorta dell'Emissario";"";"";"";"Ai Confini dell'Eternità";"Rare";"";"NM";"Near Mint";"N";"";"";"0,20";"0,20";"1";"0,20";"https://www.cardmarket.com/it/Magic/Products/Singles/Edge-of-Eternities/Emissary-Escort";"https://product-images.s3.cardmarket.com/1/EOE/833840/833840.jpg";"N"
"=""2102880896""";"=""834019""";"Stazione Guida dell'Infinito";"";"";"";"Ai Confini dell'Eternità";"Rare";"";"NM";"Near Mint";"N";"";"";"0,20";"0,20";"1";"0,20";"https://www.cardmarket.com/it/Magic/Products/Singles/Edge-of-Eternities/Infinite-Guideline-Station";"https://product-images.s3.cardmarket.com/1/EOE/834019/834019.jpg";"N"
"=""2065849859""";"=""836988""";"Cosmonobile allo Zenit (V.1)";"V.1";"V.1";"";"Ai Confini dell'Eternità: Promos";"Mythic";"";"NM";"Near Mint";"N";"";"";"16,00";"16,00";"1";"16,00";"https://www.cardmarket.com/it/Magic/Products/Singles/Edge-of-Eternities-Promos/Cosmogrand-Zenith-V1";"https://product-images.s3.cardmarket.com/1/PEOE/836988/836988.jpg";"N"
"=""2101745865""";"=""20885""";"Angelo della Filigrana";"";"";"";"Alara Reborn";"Rare";"";"NM";"Near Mint";"N";"";"";"0,30";"0,30";"1";"0,30";"https://www.cardmarket.com/it/Magic/Products/Singles/Alara-Reborn/Filigree-Angel";"https://product-images.s3.cardmarket.com/1/ARB/20885/20885.jpg";"N"
"=""2102891767""";"=""20969""";"Drago Incantato";"";"";"";"Alara Reborn";"Rare";"";"NM";"Near Mint";"N";"";"";"0,30";"0,30";"1";"0,30";"https://www.cardmarket.com/it/Magic/Products/Singles/Alara-Reborn/Spellbound-Dragon";"https://product-images.s3.cardmarket.com/1/ARB/20969/20969.jpg";"N"
"=""2101828336""";"=""20982""";"Saggi dell'Anima";"";"";"";"Alara Reborn";"Rare";"";"NM";"Near Mint";"N";"";"";"0,20";"0,20";"1";"0,20";"https://www.cardmarket.com/it/Magic/Products/Singles/Alara-Reborn/Sages-of-the-Anima";"https://product-images.s3.cardmarket.com/1/ARB/20982/20982.jpg";"N"
"=""2103087916""";"=""7857""";"Ratti Infetti";"";"";"";"Alleanze";"Uncommon";"";"NM";"Near Mint";"N";"";"";"0,20";"0,20";"1";"0,20";"https://www.cardmarket.com/it/Magic/Products/Singles/Alliances/Diseased-Vermin";"https://product-images.s3.cardmarket.com/1/ALL/7857/7857.jpg";"N"
"=""2101902990""";"=""3187""";"Anavolvero";"";"";"";"Apocalisse";"Rare";"";"EX";"Excellent";"N";"";"";"0,20";"0,20";"1";"0,20";"https://www.cardmarket.com/it/Magic/Products/Singles/Apocalypse/Anavolver";"https://product-images.s3.cardmarket.com/1/APC/3187/3187.jpg";"N"
"=""2101911601""";"=""3133""";"Cetavolvero";"";"";"";"Apocalisse";"Rare";"";"EX";"Excellent";"N";"";"";"0,20";"0,20";"1";"0,20";"https://www.cardmarket.com/it/Magic/Products/Singles/Apocalypse/Cetavolver";"https://product-images.s3.cardmarket.com/1/APC/3133/3133.jpg";"N"
"=""2101850528""";"=""3118""";"Degavolvero";"";"";"";"Apocalisse";"Rare";"";"NM";"Near Mint";"N";"";"";"0,20";"0,20";"1";"0,20";"https://www.cardmarket.com/it/Magic/Products/Singles/Apocalypse/Degavolver";"https://product-images.s3.cardmarket.com/1/APC/3118/3118.jpg";"N"
"=""2101743634""";"=""3225""";"Dimora Abbandonata";"";"";"";"Apocalisse";"Rare";"";"NM";"Near Mint";"N";"";"";"0,70";"0,70";"1";"0,70";"https://www.cardmarket.com/it/Magic/Products/Singles/Apocalypse/Overgrown-Estate";"https://product-images.s3.cardmarket.com/1/APC/3225/3225.jpg";"N"
"=""2101878974""";"=""3158""";"Necravolvero";"";"";"";"Apocalisse";"Rare";"";"NM";"Near Mint";"N";"";"";"0,40";"0,40";"1";"0,40";"https://www.cardmarket.com/it/Magic/Products/Singles/Apocalypse/Necravolver";"https://product-images.s3.cardmarket.com/1/APC/3158/3158.jpg";"N"
"=""2101919936""";"=""3180""";"Rakavolvero";"";"";"";"Apocalisse";"Rare";"";"EX";"Excellent";"N";"";"";"0,20";"0,20";"1";"0,20";"https://www.cardmarket.com/it/Magic/Products/Singles/Apocalypse/Rakavolver";"https://product-images.s3.cardmarket.com/1/APC/3180/3180.jpg";"N"
"=""2102890851""";"=""3224""";"Serpente Mistico";"";"";"";"Apocalisse";"Rare";"";"NM";"Near Mint";"N";"";"";"1,00";"1,00";"1";"1,00";"https://www.cardmarket.com/it/Magic/Products/Singles/Apocalypse/Mystic-Snake";"https://product-images.s3.cardmarket.com/1/APC/3224/3224.jpg";"N"
"=""2102902863""";"=""1938""";"Cannone del Destino";"";"";"";"Assalto";"Rare";"";"EX";"Excellent";"N";"";"";"0,20";"0,20";"1";"0,20";"https://www.cardmarket.com/it/Magic/Products/Singles/Onslaught/Doom-Cannon";"https://product-images.s3.cardmarket.com/1/ONS/1938/1938.jpg";"N"
"=""2101818972""";"=""1706""";"Clone";"";"";"";"Assalto";"Rare";"";"NM";"Near Mint";"N";"";"";"2,00";"2,00";"1";"2,00";"https://www.cardmarket.com/it/Magic/Products/Singles/Onslaught/Clone";"https://product-images.s3.cardmarket.com/1/ONS/1706/1706.jpg";"N"
"=""2101909994""";"=""1734""";"Drago di Mercurio";"";"";"";"Assalto";"Rare";"";"EX";"Excellent";"N";"";"";"0,30";"0,30";"1";"0,30";"https://www.cardmarket.com/it/Magic/Products/Singles/Onslaught/Quicksilver-Dragon";"https://product-images.s3.cardmarket.com/1/ONS/1734/1734.jpg";"N"
"=""2101925855""";"=""1942""";"Golem Tribale";"";"";"";"Assalto";"Rare";"";"EX";"Excellent";"N";"";"";"0,30";"0,30";"1";"0,30";"https://www.cardmarket.com/it/Magic/Products/Singles/Onslaught/Tribal-Golem";"https://product-images.s3.cardmarket.com/1/ONS/1942/1942.jpg";"N"
"=""2101880030""";"=""1781""";"Golia Cancrenoso";"";"";"";"Assalto";"Rare";"";"NM";"Near Mint";"N";"";"";"0,20";"0,20";"1";"0,20";"https://www.cardmarket.com/it/Magic/Products/Singles/Onslaught/Gangrenous-Goliath";"https://product-images.s3.cardmarket.com/1/ONS/1781/1781.jpg";"N"
"=""2101909806""";"=""1748""";"Inquisitore Supremo";"";"";"";"Assalto";"Rare";"";"NM";"Near Mint";"N";"";"";"0,30";"0,30";"1";"0,30";"https://www.cardmarket.com/it/Magic/Products/Singles/Onslaught/Supreme-Inquisitor";"https://product-images.s3.cardmarket.com/1/ONS/1748/1748.jpg";"N"
"=""2101930943""";"=""1739""";"Ipnotizzatore della Marea";"";"";"";"Assalto";"Rare";"";"NM";"Near Mint";"N";"";"";"0,50";"0,50";"1";"0,50";"https://www.cardmarket.com/it/Magic/Products/Singles/Onslaught/Riptide-Entrancer";"https://product-images.s3.cardmarket.com/1/ONS/1739/1739.jpg";"N"
"=""2101930695""";"=""1703""";"Oppressore Spietato";"";"";"";"Assalto";"Rare";"";"NM";"Near Mint";"N";"";"";"0,20";"0,20";"1";"0,20";"https://www.cardmarket.com/it/Magic/Products/Singles/Onslaught/Callous-Oppressor";"https://product-images.s3.cardmarket.com/1/ONS/1703/1703.jpg";"N"
"=""2103074916""";"=""1746""";"Rete di Spionaggio";"";"";"";"Assalto";"Common";"";"NM";"Near Mint";"N";"";"";"0,20";"0,20";"1";"0,20";"https://www.cardmarket.com/it/Magic/Products/Singles/Onslaught/Spy-Network";"https://product-images.s3.cardmarket.com/1/ONS/1746/1746.jpg";"N"
"=""2101921655""";"=""1855""";"Rorix Alaspada";"";"";"";"Assalto";"Rare";"";"EX";"Excellent";"N";"";"";"4,90";"4,90";"1";"4,90";"https://www.cardmarket.com/it/Magic/Products/Singles/Onslaught/Rorix-Bladewing";"https://product-images.s3.cardmarket.com/1/ONS/1855/1855.jpg";"N"
"=""2101930781""";"=""1728""";"Squartacielo Nebbiforme";"";"";"";"Assalto";"Rare";"";"NM";"Near Mint";"N";"";"";"0,20";"0,20";"1";"0,20";"https://www.cardmarket.com/it/Magic/Products/Singles/Onslaught/Mistform-Skyreaver";"https://product-images.s3.cardmarket.com/1/ONS/1728/1728.jpg";"N"
"=""2101921945""";"=""1829""";"Trespolo del Drago";"";"";"";"Assalto";"Rare";"";"EX";"Excellent";"N";"";"";"0,40";"0,40";"1";"0,40";"https://www.cardmarket.com/it/Magic/Products/Singles/Onslaught/Dragon-Roost";"https://product-images.s3.cardmarket.com/1/ONS/1829/1829.jpg";"N"
"=""2101814161""";"=""1894""";"Vegetazione Esplosiva";"";"";"";"Assalto";"Uncommon";"";"NM";"Near Mint";"N";"";"";"0,20";"0,20";"1";"0,20";"https://www.cardmarket.com/it/Magic/Products/Singles/Onslaught/Explosive-Vegetation";"https://product-images.s3.cardmarket.com/1/ONS/1894/1894.jpg";"N"
"=""2101839306""";"=""18979""";"Clachan Rustico";"";"";"";"Aurora";"Rare";"";"EX";"Excellent";"N";"";"";"0,30";"0,30";"1";"0,30";"https://www.cardmarket.com/it/Magic/Products/Singles/Morningtide/Rustic-Clachan";"https://product-images.s3.cardmarket.com/1/MOR/18979/18979.jpg";"N"
"=""2101900586""";"=""18918""";"Distruttore di Campagne";"";"";"";"Aurora";"Rare";"";"NM";"Near Mint";"N";"";"";"0,20";"0,20";"4";"0,80";"https://www.cardmarket.com/it/Magic/Products/Singles/Morningtide/Countryside-Crusher";"https://product-images.s3.cardmarket.com/1/MOR/18918/18918.jpg";"N"
"=""2101835616""";"=""18966""";"Frassino Inarrestabile";"";"";"";"Aurora";"Rare";"";"EX";"Excellent";"N";"";"";"0,20";"0,20";"1";"0,20";"https://www.cardmarket.com/it/Magic/Products/Singles/Morningtide/Unstoppable-Ash";"https://product-images.s3.cardmarket.com/1/MOR/18966/18966.jpg";"N"
"=""2101914014""";"=""18864""";"Ladra di Grimori";"";"";"";"Aurora";"Rare";"";"EX";"Excellent";"N";"";"";"0,20";"0,20";"1";"0,20";"https://www.cardmarket.com/it/Magic/Products/Singles/Morningtide/Grimoire-Thief";"https://product-images.s3.cardmarket.com/1/MOR/18864/18864.jpg";"N"
"=""2101828493""";"=""18914""";"Peso Massimo di Boldwyr";"";"";"";"Aurora";"Rare";"";"NM";"Near Mint";"N";"";"";"0,40";"0,40";"2";"0,80";"https://www.cardmarket.com/it/Magic/Products/Singles/Morningtide/Boldwyr-Heavyweights";"https://product-images.s3.cardmarket.com/1/MOR/18914/18914.jpg";"N"
"=""2101753753""";"=""254627""";"Marea Devastatrice";"";"";"";"Avacyn Restored";"Rare";"";"NM";"Near Mint";"N";"";"";"0,50";"0,50";"1";"0,50";"https://www.cardmarket.com/it/Magic/Products/Singles/Avacyn-Restored/Devastation-Tide";"https://product-images.s3.cardmarket.com/1/AVR/254627/254627.jpg";"N"
"=""2103070475""";"=""254717""";"Santuario dei Serafini";"";"";"";"Avacyn Restored";"Common";"";"NM";"Near Mint";"N";"";"";"1,00";"1,00";"2";"2,00";"https://www.cardmarket.com/it/Magic/Products/Singles/Avacyn-Restored/Seraph-Sanctuary";"https://product-images.s3.cardmarket.com/1/AVR/254717/254717.jpg";"N"
"=""2102883353""";"=""855726""";"Aang, all'Incrocio del Destino // Aang, Salvatore Destinato";"";"";"";"Avatar: The Last Airbender";"Rare";"";"NM";"Near Mint";"N";"";"";"0,30";"0,30";"1";"0,30";"https://www.cardmarket.com/it/Magic/Products/Singles/Magic-The-Gathering-Avatar-The-Last-Airbender/Aang-at-the-Crossroads-Aang-Destined-Savior";"https://product-images.s3.cardmarket.com/1/TLA/855726/855726.jpg";"N"
"=""2103093713""";"=""855697""";"Ascensione del Dominatore dell'Aria";"";"";"";"Avatar: The Last Airbender";"Rare";"";"NM";"Near Mint";"N";"";"";"1,00";"1,00";"1";"1,00";"https://www.cardmarket.com/it/Magic/Products/Singles/Magic-The-Gathering-Avatar-The-Last-Airbender/Airbender-Ascension";"https://product-images.s3.cardmarket.com/1/TLA/855697/855697.jpg";"N"
"=""2103093588""";"=""857467""";"Custode dello Zoo Diligente";"";"";"";"Avatar: The Last Airbender";"Rare";"";"NM";"Near Mint";"N";"";"";"0,20";"0,20";"1";"0,20";"https://www.cardmarket.com/it/Magic/Products/Singles/Magic-The-Gathering-Avatar-The-Last-Airbender/Diligent-Zookeeper";"https://product-images.s3.cardmarket.com/1/TLA/857467/857467.jpg";"N"
"=""2103092884""";"=""857836""";"Guida del Grande Canyon";"";"";"";"Avatar: The Last Airbender";"Rare";"";"NM";"Near Mint";"N";"";"";"0,90";"0,90";"1";"0,90";"https://www.cardmarket.com/it/Magic/Products/Singles/Magic-The-Gathering-Avatar-The-Last-Airbender/Great-Divide-Guide";"https://product-images.s3.cardmarket.com/1/TLA/857836/857836.jpg";"N"
"=""2101932898""";"=""858227""";"Hakoda, Comandante Altruista";"";"";"";"Avatar: The Last Airbender";"Rare";"";"NM";"Near Mint";"N";"";"";"0,20";"0,20";"1";"0,20";"https://www.cardmarket.com/it/Magic/Products/Singles/Magic-The-Gathering-Avatar-The-Last-Airbender/Hakoda-Selfless-Commander";"https://product-images.s3.cardmarket.com/1/TLA/858227/858227.jpg";"N"
"=""2103098023""";"=""857742""";"Insegnamenti Elementali";"";"";"";"Avatar: The Last Airbender";"Rare";"";"NM";"Near Mint";"N";"";"";"0,30";"0,30";"1";"0,30";"https://www.cardmarket.com/it/Magic/Products/Singles/Magic-The-Gathering-Avatar-The-Last-Airbender/Elemental-Teachings";"https://product-images.s3.cardmarket.com/1/TLA/857742/857742.jpg";"N"
"=""2103093439""";"=""855734""";"Iroh, Grande Loto";"";"";"";"Avatar: The Last Airbender";"Rare";"";"NM";"Near Mint";"N";"";"";"0,30";"0,30";"1";"0,30";"https://www.cardmarket.com/it/Magic/Products/Singles/Magic-The-Gathering-Avatar-The-Last-Airbender/Iroh-Grand-Lotus";"https://product-images.s3.cardmarket.com/1/TLA/855734/855734.jpg";"N"
"=""2103093217""";"=""855735""";"La Tartaruga Leone";"";"";"";"Avatar: The Last Airbender";"Rare";"";"NM";"Near Mint";"N";"";"";"0,20";"0,20";"1";"0,20";"https://www.cardmarket.com/it/Magic/Products/Singles/Magic-The-Gathering-Avatar-The-Last-Airbender/The-Lion-Turtle";"https://product-images.s3.cardmarket.com/1/TLA/855735/855735.jpg";"N"
"=""2103090331""";"=""857470""";"Origine del Dominio del Metallo";"";"";"";"Avatar: The Last Airbender";"Common";"";"NM";"Near Mint";"N";"";"";"0,10";"0,10";"1";"0,10";"https://www.cardmarket.com/it/Magic/Products/Singles/Magic-The-Gathering-Avatar-The-Last-Airbender/Origin-of-Metalbending";"https://product-images.s3.cardmarket.com/1/TLA/857470/857470.jpg";"N"
"=""2103093051""";"=""855708""";"Rivoltoso della Roccia Bollente";"";"";"";"Avatar: The Last Airbender";"Rare";"";"NM";"Near Mint";"N";"";"";"0,20";"0,20";"1";"0,20";"https://www.cardmarket.com/it/Magic/Products/Singles/Magic-The-Gathering-Avatar-The-Last-Airbender/Boiling-Rock-Rioter";"https://product-images.s3.cardmarket.com/1/TLA/855708/855708.jpg";"N"
"=""2103097809""";"=""857754""";"Sala da Tè Drago del Gelsomino";"";"";"";"Avatar: The Last Airbender";"Rare";"";"NM";"Near Mint";"N";"";"";"0,40";"0,40";"1";"0,40";"https://www.cardmarket.com/it/Magic/Products/Singles/Magic-The-Gathering-Avatar-The-Last-Airbender/Jasmine-Dragon-Tea-Shop";"https://product-images.s3.cardmarket.com/1/TLA/857754/857754.jpg";"N"
"=""2101859971""";"=""857425""";"Vi Disseterà!";"";"";"";"Avatar: The Last Airbender";"Common";"";"NM";"Near Mint";"N";"";"";"0,20";"0,20";"2";"0,40";"https://www.cardmarket.com/it/Magic/Products/Singles/Magic-The-Gathering-Avatar-The-Last-Airbender/Itll-Quench-Ya";"https://product-images.s3.cardmarket.com/1/TLA/857425/857425.jpg";"N"
"=""2103090823""";"=""856077""";"Visioni della Palude Nebbiosa";"";"";"";"Avatar: The Last Airbender";"Rare";"";"NM";"Near Mint";"N";"";"";"0,20";"0,20";"1";"0,20";"https://www.cardmarket.com/it/Magic/Products/Singles/Magic-The-Gathering-Avatar-The-Last-Airbender/Foggy-Swamp-Visions";"https://product-images.s3.cardmarket.com/1/TLA/856077/856077.jpg";"N"
"=""2103097390""";"=""857492""";"Zuko, Tra Due Fuochi";"";"";"";"Avatar: The Last Airbender";"Rare";"";"NM";"Near Mint";"N";"";"";"0,20";"0,20";"1";"0,20";"https://www.cardmarket.com/it/Magic/Products/Singles/Magic-The-Gathering-Avatar-The-Last-Airbender/Zuko-Conflicted";"https://product-images.s3.cardmarket.com/1/TLA/857492/857492.jpg";"N"
"=""2101841576""";"=""284442""";"Esplosione Planare";"";"";"";"Battaglia per Zendikar";"Rare";"";"NM";"Near Mint";"N";"";"";"0,20";"0,20";"1";"0,20";"https://www.cardmarket.com/it/Magic/Products/Singles/Battle-for-Zendikar/Planar-Outburst";"https://product-images.s3.cardmarket.com/1/BFZ/284442/284442.jpg";"N"
"=""2101842637""";"=""284442""";"Esplosione Planare";"";"";"";"Battaglia per Zendikar";"Rare";"";"NM";"Near Mint";"N";"";"";"0,20";"0,20";"1";"0,20";"https://www.cardmarket.com/it/Magic/Products/Singles/Battle-for-Zendikar/Planar-Outburst";"https://product-images.s3.cardmarket.com/1/BFZ/284442/284442.jpg";"N"
"=""2101742020""";"=""284730""";"Noyan Dar, Plasmatore del Torbido";"";"";"";"Battaglia per Zendikar";"Rare";"";"NM";"Near Mint";"N";"";"";"0,20";"0,20";"1";"0,20";"https://www.cardmarket.com/it/Magic/Products/Singles/Battle-for-Zendikar/Noyan-Dar-Roil-Shaper";"https://product-images.s3.cardmarket.com/1/BFZ/284730/284730.jpg";"N"
"=""2101827510""";"=""284342""";"Omnath, l'Iralocus";"";"";"";"Battaglia per Zendikar";"Mythic";"";"NM";"Near Mint";"N";"";"";"1,00";"1,00";"1";"1,00";"https://www.cardmarket.com/it/Magic/Products/Singles/Battle-for-Zendikar/Omnath-Locus-of-Rage";"https://product-images.s3.cardmarket.com/1/BFZ/284342/284342.jpg";"N"
"=""2101744974""";"=""284787""";"Spargere ai Venti";"";"";"";"Battaglia per Zendikar";"Rare";"";"EX";"Excellent";"N";"";"";"0,20";"0,20";"1";"0,20";"https://www.cardmarket.com/it/Magic/Products/Singles/Battle-for-Zendikar/Scatter-to-the-Winds";"https://product-images.s3.cardmarket.com/1/BFZ/284787/284787.jpg";"N"
"=""2103073320""";"=""359024""";"Crescita Gigante";"";"";"";"Battlebond";"Common";"";"NM";"Near Mint";"N";"";"";"0,10";"0,10";"1";"0,10";"https://www.cardmarket.com/it/Magic/Products/Singles/Battlebond/Giant-Growth";"https://product-images.s3.cardmarket.com/1/BBD/359024/359024.jpg";"N"
"=""2101750461""";"=""778112""";"Anziana Soffiocculto";"";"";"";"Bloomburrow";"Rare";"";"NM";"Near Mint";"N";"";"";"0,70";"0,70";"1";"0,70";"https://www.cardmarket.com/it/Magic/Products/Singles/Bloomburrow/Mistbreath-Elder";"https://product-images.s3.cardmarket.com/1/BLB/778112/778112.jpg";"N"
"=""2102874673""";"=""776464""";"Borgo Rupestre";"";"";"";"Bloomburrow";"Uncommon";"";"NM";"Near Mint";"N";"";"";"0,20";"0,20";"2";"0,40";"https://www.cardmarket.com/it/Magic/Products/Singles/Bloomburrow/Rockface-Village";"https://product-images.s3.cardmarket.com/1/BLB/776464/776464.jpg";"N"
"=""2101750282""";"=""778438""";"Convocazione Lunare";"";"";"";"Bloomburrow";"Rare";"";"NM";"Near Mint";"N";"";"";"0,70";"0,70";"1";"0,70";"https://www.cardmarket.com/it/Magic/Products/Singles/Bloomburrow/Lunar-Convocation";"https://product-images.s3.cardmarket.com/1/BLB/778438/778438.jpg";"N"
"=""2102875633""";"=""777769""";"Eroe di Fuoco del Cuore";"";"";"";"Bloomburrow";"Uncommon";"";"NM";"Near Mint";"N";"";"";"0,20";"0,20";"1";"0,20";"https://www.cardmarket.com/it/Magic/Products/Singles/Bloomburrow/Heartfire-Hero";"https://product-images.s3.cardmarket.com/1/BLB/777769/777769.jpg";"N"
"=""2103094652""";"=""777686""";"Finneas, Arciere Provetto";"";"";"";"Bloomburrow";"Rare";"";"NM";"Near Mint";"N";"";"";"0,20";"0,20";"1";"0,20";"https://www.cardmarket.com/it/Magic/Products/Singles/Bloomburrow/Finneas-Ace-Archer";"https://product-images.s3.cardmarket.com/1/BLB/777686/777686.jpg";"N"
"=""2101750620""";"=""779413""";"Foraggiera del Salto con la Spina";"";"";"";"Bloomburrow";"Rare";"";"NM";"Near Mint";"N";"";"";"0,50";"0,50";"2";"1,00";"https://www.cardmarket.com/it/Magic/Products/Singles/Bloomburrow/Thornvault-Forager";"https://product-images.s3.cardmarket.com/1/BLB/779413/779413.jpg";"N"
"=""2103074341""";"=""778110""";"Grotta Nascosta";"";"";"";"Bloomburrow";"Common";"";"NM";"Near Mint";"N";"";"";"0,10";"0,10";"1";"0,10";"https://www.cardmarket.com/it/Magic/Products/Singles/Bloomburrow/Hidden-Grotto";"https://product-images.s3.cardmarket.com/1/BLB/778110/778110.jpg";"N"
"=""2101937023""";"=""777692""";"Kastral, la Cresta del Vento";"";"";"";"Bloomburrow";"Rare";"";"NM";"Near Mint";"N";"";"";"0,20";"0,20";"1";"0,20";"https://www.cardmarket.com/it/Magic/Products/Singles/Bloomburrow/Kastral-the-Windcrested";"https://product-images.s3.cardmarket.com/1/BLB/777692/777692.jpg";"N"
"=""2103098581""";"=""777696""";"Muerra, Stratega dei Rifiuti";"";"";"";"Bloomburrow";"Rare";"";"NM";"Near Mint";"N";"";"";"0,20";"0,20";"1";"0,20";"https://www.cardmarket.com/it/Magic/Products/Singles/Bloomburrow/Muerra-Trash-Tactician";"https://product-images.s3.cardmarket.com/1/BLB/777696/777696.jpg";"N"
"=""2103074213""";"=""778337""";"Oasi Inesplorata";"";"";"";"Bloomburrow";"Common";"";"NM";"Near Mint";"N";"";"";"0,10";"0,10";"1";"0,10";"https://www.cardmarket.com/it/Magic/Products/Singles/Bloomburrow/Uncharted-Haven";"https://product-images.s3.cardmarket.com/1/BLB/778337/778337.jpg";"N"
"=""2103096095""";"=""777584""";"Osteomante Esperto";"";"";"";"Bloomburrow";"Rare";"";"NM";"Near Mint";"N";"";"";"0,40";"0,40";"1";"0,40";"https://www.cardmarket.com/it/Magic/Products/Singles/Bloomburrow/Osteomancer-Adept";"https://product-images.s3.cardmarket.com/1/BLB/777584/777584.jpg";"N"
"=""2103096628""";"=""778353""";"Per il Bene Comune";"";"";"";"Bloomburrow";"Rare";"";"NM";"Near Mint";"N";"";"";"0,70";"0,70";"1";"0,70";"https://www.cardmarket.com/it/Magic/Products/Singles/Bloomburrow/For-the-Common-Good";"https://product-images.s3.cardmarket.com/1/BLB/778353/778353.jpg";"N"
"=""2103090497""";"=""778436""";"Stendardo Rappezzato";"";"";"";"Bloomburrow";"Uncommon";"";"NM";"Near Mint";"N";"";"";"1,30";"1,30";"1";"1,30";"https://www.cardmarket.com/it/Magic/Products/Singles/Bloomburrow/Patchwork-Banner";"https://product-images.s3.cardmarket.com/1/BLB/778436/778436.jpg";"N"
"=""2101932640""";"=""778343""";"Talento del Bandito";"";"";"";"Bloomburrow";"Uncommon";"";"NM";"Near Mint";"N";"";"";"0,20";"0,20";"1";"0,20";"https://www.cardmarket.com/it/Magic/Products/Singles/Bloomburrow/Bandits-Talent";"https://product-images.s3.cardmarket.com/1/BLB/778343/778343.jpg";"N"
"=""2101750117""";"=""778355""";"Wick, la Mente a Spirale";"";"";"";"Bloomburrow";"Rare";"";"NM";"Near Mint";"N";"";"";"0,40";"0,40";"1";"0,40";"https://www.cardmarket.com/it/Magic/Products/Singles/Bloomburrow/Wick-the-Whorled-Mind";"https://product-images.s3.cardmarket.com/1/BLB/778355/778355.jpg";"N"
"=""2102871432""";"=""779693""";"Flubs, the Fool";"";"";"";"Buy a Box Promos";"Mythic";"";"NM";"Near Mint";"N";"";"";"0,50";"0,50";"1";"0,50";"https://www.cardmarket.com/it/Magic/Products/Singles/Buy-a-Box-Promos/Flubs-the-Fool";"https://product-images.s3.cardmarket.com/1/BABP/779693/779693.jpg";"N"
"=""2102880715""";"=""834943""";"Rottura della Singolarità";"";"";"";"Buy a Box Promos";"Rare";"";"NM";"Near Mint";"N";"";"";"0,50";"0,50";"1";"0,50";"https://www.cardmarket.com/it/Magic/Products/Singles/Buy-a-Box-Promos/Singularity-Rupture";"https://product-images.s3.cardmarket.com/1/BABP/834943/834943.jpg";"N"
"=""2101913770""";"=""12211""";"Agitare la Foschia";"";"";"";"Campioni di Kamigawa";"Rare";"";"EX";"Excellent";"N";"";"";"0,20";"0,20";"1";"0,20";"https://www.cardmarket.com/it/Magic/Products/Singles/Champions-of-Kamigawa/Swirl-the-Mists";"https://product-images.s3.cardmarket.com/1/CHK/12211/12211.jpg";"N"
"=""2101913667""";"=""12067""";"Apprendista Jushi / Tomoya the Revealer";"";"";"";"Campioni di Kamigawa";"Rare";"";"EX";"Excellent";"N";"";"";"0,20";"0,20";"1";"0,20";"https://www.cardmarket.com/it/Magic/Products/Singles/Champions-of-Kamigawa/Jushi-Apprentice-Tomoya-the-Revealer";"https://product-images.s3.cardmarket.com/1/CHK/12067/12067.jpg";"N"
"=""2102872529""";"=""12062""";"Aquilone del Viaggiatore";"";"";"";"Campioni di Kamigawa";"Rare";"";"NM";"Near Mint";"N";"";"";"0,20";"0,20";"1";"0,20";"https://www.cardmarket.com/it/Magic/Products/Singles/Champions-of-Kamigawa/Journeyer-s-Kite";"https://product-images.s3.cardmarket.com/1/CHK/12062/12062.jpg";"N"
"=""2101753519""";"=""11962""";"Azami, Signora delle Pergamene";"";"";"";"Campioni di Kamigawa";"Rare";"";"NM";"Near Mint";"N";"";"";"0,60";"0,60";"2";"1,20";"https://www.cardmarket.com/it/Magic/Products/Singles/Champions-of-Kamigawa/Azami-Lady-of-Scrolls";"https://product-images.s3.cardmarket.com/1/CHK/11962/11962.jpg";"N"
"=""2101897185""";"=""11966""";"Ben-Ben, Eremita Akki";"";"";"";"Campioni di Kamigawa";"Rare";"";"EX";"Excellent";"N";"";"";"0,20";"0,20";"1";"0,20";"https://www.cardmarket.com/it/Magic/Products/Singles/Champions-of-Kamigawa/BenBen-Akki-Hermit";"https://product-images.s3.cardmarket.com/1/CHK/11966/11966.jpg";"N"
"=""2101896904""";"=""11957""";"Calcalava Akki";"";"";"";"Campioni di Kamigawa";"Rare";"";"EX";"Excellent";"N";"";"";"0,20";"0,20";"1";"0,20";"https://www.cardmarket.com/it/Magic/Products/Singles/Champions-of-Kamigawa/Akki-Lavarunner";"https://product-images.s3.cardmarket.com/1/CHK/11957/11957.jpg";"N"
"=""2101926271""";"=""12066""";"Campana Junkyo";"";"";"";"Campioni di Kamigawa";"Rare";"";"EX";"Excellent";"N";"";"";"0,20";"0,20";"1";"0,20";"https://www.cardmarket.com/it/Magic/Products/Singles/Champions-of-Kamigawa/Junkyo-Bell";"https://product-images.s3.cardmarket.com/1/CHK/12066/12066.jpg";"N"
"=""2101846489""";"=""12232""";"Dovere del Vassallo";"";"";"";"Campioni di Kamigawa";"Rare";"";"NM";"Near Mint";"N";"";"";"0,20";"0,20";"1";"0,20";"https://www.cardmarket.com/it/Magic/Products/Singles/Champions-of-Kamigawa/Vassal-s-Duty";"https://product-images.s3.cardmarket.com/1/CHK/12232/12232.jpg";"N"
"=""2101896628""";"=""12201""";"Esplosione dell'Anima";"";"";"";"Campioni di Kamigawa";"Rare";"";"EX";"Excellent";"N";"";"";"0,20";"0,20";"1";"0,20";"https://www.cardmarket.com/it/Magic/Products/Singles/Champions-of-Kamigawa/Soulblast";"https://product-images.s3.cardmarket.com/1/CHK/12201/12201.jpg";"N"
"=""2101739064""";"=""12023""";"Godo, Condottiero Bandito";"";"";"";"Campioni di Kamigawa";"Rare";"";"GD";"Good";"N";"";"";"0,70";"0,70";"1";"0,70";"https://www.cardmarket.com/it/Magic/Products/Singles/Champions-of-Kamigawa/Godo-Bandit-Warlord";"https://product-images.s3.cardmarket.com/1/CHK/12023/12023.jpg";"N"
"=""2101749818""";"=""12104""";"Gohei Dimenticato";"";"";"";"Campioni di Kamigawa";"Rare";"";"NM";"Near Mint";"N";"";"";"0,30";"0,30";"3";"0,90";"https://www.cardmarket.com/it/Magic/Products/Singles/Champions-of-Kamigawa/Long-Forgotten-Gohei";"https://product-images.s3.cardmarket.com/1/CHK/12104/12104.jpg";"N"
"=""2101925326""";"=""12182""";"Guscio dell'Ultimo Kappa";"";"";"";"Campioni di Kamigawa";"Rare";"";"EX";"Excellent";"N";"";"";"0,20";"0,20";"1";"0,20";"https://www.cardmarket.com/it/Magic/Products/Singles/Champions-of-Kamigawa/Shell-of-the-Last-Kappa";"https://product-images.s3.cardmarket.com/1/CHK/12182/12182.jpg";"N"
"=""2101838417""";"=""12037""";"Hikari, Guardiano del Crepuscolo";"";"";"";"Campioni di Kamigawa";"Rare";"";"NM";"Near Mint";"N";"";"";"0,20";"0,20";"1";"0,20";"https://www.cardmarket.com/it/Magic/Products/Singles/Champions-of-Kamigawa/Hikari-Twilight-Guardian";"https://product-images.s3.cardmarket.com/1/CHK/12037/12037.jpg";"N"
"=""2101844492""";"=""12037""";"Hikari, Guardiano del Crepuscolo";"";"";"";"Campioni di Kamigawa";"Rare";"";"NM";"Near Mint";"N";"";"";"0,20";"0,20";"1";"0,20";"https://www.cardmarket.com/it/Magic/Products/Singles/Champions-of-Kamigawa/Hikari-Twilight-Guardian";"https://product-images.s3.cardmarket.com/1/CHK/12037/12037.jpg";"N"
"=""2101913475""";"=""12039""";"Hisoka, Sensei di Minamo";"";"";"";"Campioni di Kamigawa";"Rare";"";"EX";"Excellent";"N";"";"";"0,20";"0,20";"1";"0,20";"https://www.cardmarket.com/it/Magic/Products/Singles/Champions-of-Kamigawa/Hisoka-Minamo-Sensei";"https://product-images.s3.cardmarket.com/1/CHK/12039/12039.jpg";"N"
"=""2101878507""";"=""12050""";"Horobi, Lamento di Morte";"";"";"";"Campioni di Kamigawa";"Rare";"";"NM";"Near Mint";"N";"";"";"0,20";"0,20";"1";"0,20";"https://www.cardmarket.com/it/Magic/Products/Singles/Champions-of-Kamigawa/Horobi-Deaths-Wail";"https://product-images.s3.cardmarket.com/1/CHK/12050/12050.jpg";"N"
"=""2101831419""";"=""12054""";"Iname, Manifestazione della Morte";"";"";"";"Campioni di Kamigawa";"Rare";"";"EX";"Excellent";"N";"";"";"0,20";"0,20";"3";"0,60";"https://www.cardmarket.com/it/Magic/Products/Singles/Champions-of-Kamigawa/Iname-Death-Aspect";"https://product-images.s3.cardmarket.com/1/CHK/12054/12054.jpg";"N"
"=""2101903833""";"=""12055""";"Iname, Manifestazione della Vita";"";"";"";"Campioni di Kamigawa";"Rare";"";"NM";"Near Mint";"N";"";"";"0,30";"0,30";"1";"0,30";"https://www.cardmarket.com/it/Magic/Products/Singles/Champions-of-Kamigawa/Iname-Life-Aspect";"https://product-images.s3.cardmarket.com/1/CHK/12055/12055.jpg";"N"
"=""2102863517""";"=""12166""";"Invertire la Sabbia";"";"";"";"Campioni di Kamigawa";"Rare";"";"NM";"Near Mint";"N";"";"";"0,20";"0,20";"1";"0,20";"https://www.cardmarket.com/it/Magic/Products/Singles/Champions-of-Kamigawa/Reverse-the-Sands";"https://product-images.s3.cardmarket.com/1/CHK/12166/12166.jpg";"N"
"=""2101847130""";"=""12059""";"Isamaru, Segugio di Konda";"";"";"";"Campioni di Kamigawa";"Rare";"";"NM";"Near Mint";"N";"";"";"0,70";"0,70";"1";"0,70";"https://www.cardmarket.com/it/Magic/Products/Singles/Champions-of-Kamigawa/Isamaru-Hound-of-Konda";"https://product-images.s3.cardmarket.com/1/CHK/12059/12059.jpg";"N"
"=""2102899088""";"=""12017""";"Kabuto del Generale";"";"";"";"Campioni di Kamigawa";"Rare";"";"EX";"Excellent";"N";"";"";"0,50";"0,50";"1";"0,50";"https://www.cardmarket.com/it/Magic/Products/Singles/Champions-of-Kamigawa/General-s-Kabuto";"https://product-images.s3.cardmarket.com/1/CHK/12017/12017.jpg";"N"
"=""2101903934""";"=""12088""";"Kodama dell'Albero del Nord";"";"";"";"Campioni di Kamigawa";"Rare";"";"NM";"Near Mint";"N";"";"";"0,20";"0,20";"1";"0,20";"https://www.cardmarket.com/it/Magic/Products/Singles/Champions-of-Kamigawa/Kodama-of-the-North-Tree";"https://product-images.s3.cardmarket.com/1/CHK/12088/12088.jpg";"N"
"=""2101925091""";"=""12027""";"Koto Capello Tirato";"";"";"";"Campioni di Kamigawa";"Rare";"";"EX";"Excellent";"N";"";"";"0,20";"0,20";"1";"0,20";"https://www.cardmarket.com/it/Magic/Products/Singles/Champions-of-Kamigawa/Hair-Strung-Koto";"https://product-images.s3.cardmarket.com/1/CHK/12027/12027.jpg";"N"
"=""2101925133""";"=""12027""";"Koto Capello Tirato";"";"";"";"Campioni di Kamigawa";"Rare";"";"EX";"Excellent";"N";"";"";"0,20";"0,20";"1";"0,20";"https://www.cardmarket.com/it/Magic/Products/Singles/Champions-of-Kamigawa/Hair-Strung-Koto";"https://product-images.s3.cardmarket.com/1/CHK/12027/12027.jpg";"N"
"=""2101877973""";"=""12098""";"Kuro, Signore della Fossa";"";"";"";"Campioni di Kamigawa";"Rare";"";"EX";"Excellent";"N";"";"";"0,20";"0,20";"1";"0,20";"https://www.cardmarket.com/it/Magic/Products/Singles/Champions-of-Kamigawa/Kuro-Pitlord";"https://product-images.s3.cardmarket.com/1/CHK/12098/12098.jpg";"N"
"=""2101925006""";"=""12099""";"Kusari-Gama";"";"";"";"Campioni di Kamigawa";"Rare";"";"EX";"Excellent";"N";"";"";"0,20";"0,20";"1";"0,20";"https://www.cardmarket.com/it/Magic/Products/Singles/Champions-of-Kamigawa/Kusari-Gama";"https://product-images.s3.cardmarket.com/1/CHK/12099/12099.jpg";"N"
"=""2101833660""";"=""12110""";"Meloku Specchio-Offuscato";"";"";"";"Campioni di Kamigawa";"Rare";"";"EX";"Excellent";"N";"";"";"0,60";"0,60";"1";"0,60";"https://www.cardmarket.com/it/Magic/Products/Singles/Champions-of-Kamigawa/Meloku-the-Clouded-Mirror";"https://product-images.s3.cardmarket.com/1/CHK/12110/12110.jpg";"N"
"=""2101846654""";"=""12086""";"Mistico Kitsune";"";"";"";"Campioni di Kamigawa";"Rare";"";"NM";"Near Mint";"N";"";"";"0,20";"0,20";"1";"0,20";"https://www.cardmarket.com/it/Magic/Products/Singles/Champions-of-Kamigawa/Kitsune-Mystic";"https://product-images.s3.cardmarket.com/1/CHK/12086/12086.jpg";"N"
"=""2101914312""";"=""12122""";"Myojin dei Venti Veggenti";"";"";"";"Campioni di Kamigawa";"Rare";"";"NM";"Near Mint";"N";"";"";"0,80";"0,80";"1";"0,80";"https://www.cardmarket.com/it/Magic/Products/Singles/Champions-of-Kamigawa/Myojin-of-Seeing-Winds";"https://product-images.s3.cardmarket.com/1/CHK/12122/12122.jpg";"N"
"=""2101818399""";"=""12005""";"Otto-Code-e-Mezza";"";"";"";"Campioni di Kamigawa";"Rare";"";"GD";"Good";"N";"";"";"0,50";"0,50";"1";"0,50";"https://www.cardmarket.com/it/Magic/Products/Singles/Champions-of-Kamigawa/Eight-and-a-Half-Tails";"https://product-images.s3.cardmarket.com/1/CHK/12005/12005.jpg";"N"
"=""2101832760""";"=""12167""";"Ritessere";"";"";"";"Campioni di Kamigawa";"Rare";"";"EX";"Excellent";"N";"";"";"0,20";"0,20";"1";"0,20";"https://www.cardmarket.com/it/Magic/Products/Singles/Champions-of-Kamigawa/Reweave";"https://product-images.s3.cardmarket.com/1/CHK/12167/12167.jpg";"N"
"=""2101834247""";"=""12171""";"Ryusei, la Stella Cadente";"";"";"";"Campioni di Kamigawa";"Rare";"";"GD";"Good";"N";"";"";"0,50";"0,50";"2";"1,00";"https://www.cardmarket.com/it/Magic/Products/Singles/Champions-of-Kamigawa/Ryusei-the-Falling-Star";"https://product-images.s3.cardmarket.com/1/CHK/12171/12171.jpg";"N"
"=""2101878115""";"=""12177""";"Seizan, Corruttore della Verità";"";"";"";"Campioni di Kamigawa";"Rare";"";"NM";"Near Mint";"N";"";"";"0,70";"0,70";"1";"0,70";"https://www.cardmarket.com/it/Magic/Products/Singles/Champions-of-Kamigawa/Seizan-Perverter-of-Truth";"https://product-images.s3.cardmarket.com/1/CHK/12177/12177.jpg";"N"
"=""2101752967""";"=""12177""";"Seizan, Corruttore della Verità";"";"";"";"Campioni di Kamigawa";"Rare";"";"NM";"Near Mint";"N";"";"";"0,70";"0,70";"1";"0,70";"https://www.cardmarket.com/it/Magic/Products/Singles/Champions-of-Kamigawa/Seizan-Perverter-of-Truth";"https://product-images.s3.cardmarket.com/1/CHK/12177/12177.jpg";"N"
"=""2101847367""";"=""12178""";"Sensei Coda-d'Oro";"";"";"";"Campioni di Kamigawa";"Rare";"";"NM";"Near Mint";"N";"";"";"0,50";"0,50";"1";"0,50";"https://www.cardmarket.com/it/Magic/Products/Singles/Champions-of-Kamigawa/Sensei-Golden-Tail";"https://product-images.s3.cardmarket.com/1/CHK/12178/12178.jpg";"N"
"=""2101896371""";"=""12183""";"Shimatsu Sanguemanto";"";"";"";"Campioni di Kamigawa";"Rare";"";"EX";"Excellent";"N";"";"";"0,20";"0,20";"1";"0,20";"https://www.cardmarket.com/it/Magic/Products/Singles/Champions-of-Kamigawa/Shimatsu-the-Bloodcloaked";"https://product-images.s3.cardmarket.com/1/CHK/12183/12183.jpg";"N"
"=""2101897043""";"=""12222""";"Sorti di Guerra";"";"";"";"Campioni di Kamigawa";"Rare";"";"EX";"Excellent";"N";"";"";"0,30";"0,30";"1";"0,30";"https://www.cardmarket.com/it/Magic/Products/Singles/Champions-of-Kamigawa/Tide-of-War";"https://product-images.s3.cardmarket.com/1/CHK/12222/12222.jpg";"N"
"=""2101926333""";"=""12114""";"Specchio dell'Anello Lunare";"";"";"";"Campioni di Kamigawa";"Rare";"";"EX";"Excellent";"N";"";"";"0,20";"0,20";"1";"0,20";"https://www.cardmarket.com/it/Magic/Products/Singles/Champions-of-Kamigawa/Moonring-Mirror";"https://product-images.s3.cardmarket.com/1/CHK/12114/12114.jpg";"N"
"=""2102901245""";"=""12053""";"Statua Imi";"";"";"";"Campioni di Kamigawa";"Rare";"";"NM";"Near Mint";"N";"";"";"0,20";"0,20";"1";"0,20";"https://www.cardmarket.com/it/Magic/Products/Singles/Champions-of-Kamigawa/Imi-Statue";"https://product-images.s3.cardmarket.com/1/CHK/12053/12053.jpg";"N"
"=""2101839469""";"=""12212""";"Takeno, Generale dei Samurai";"";"";"";"Campioni di Kamigawa";"Rare";"";"EX";"Excellent";"N";"";"";"0,20";"0,20";"3";"0,60";"https://www.cardmarket.com/it/Magic/Products/Singles/Champions-of-Kamigawa/Takeno-Samurai-General";"https://product-images.s3.cardmarket.com/1/CHK/12212/12212.jpg";"N"
"=""2102899903""";"=""12213""";"Tatsumasa, la Zanna del Drago";"";"";"";"Campioni di Kamigawa";"Rare";"";"EX";"Excellent";"N";"";"";"0,50";"0,50";"1";"0,50";"https://www.cardmarket.com/it/Magic/Products/Singles/Champions-of-Kamigawa/Tatsumasa-the-Dragons-Fang";"https://product-images.s3.cardmarket.com/1/CHK/12213/12213.jpg";"N"
"=""2101925441""";"=""12143""";"Vivaio Orochi";"";"";"";"Campioni di Kamigawa";"Rare";"";"EX";"Excellent";"N";"";"";"0,20";"0,20";"1";"0,20";"https://www.cardmarket.com/it/Magic/Products/Singles/Champions-of-Kamigawa/Orochi-Hatchery";"https://product-images.s3.cardmarket.com/1/CHK/12143/12143.jpg";"N"
"=""2101834626""";"=""12244""";"Yosei, Stella del Mattino";"";"";"";"Campioni di Kamigawa";"Rare";"";"EX";"Excellent";"N";"";"";"0,70";"0,70";"1";"0,70";"https://www.cardmarket.com/it/Magic/Products/Singles/Champions-of-Kamigawa/Yosei-the-Morning-Star";"https://product-images.s3.cardmarket.com/1/CHK/12244/12244.jpg";"N"
"=""2101832268""";"=""14186""";"Eroi Ricordati";"";"";"";"Caos Dimensionale";"Rare";"";"EX";"Excellent";"N";"";"";"0,20";"0,20";"1";"0,20";"https://www.cardmarket.com/it/Magic/Products/Singles/Planar-Chaos/Heroes-Remembered";"https://product-images.s3.cardmarket.com/1/PLC/14186/14186.jpg";"N"
"=""2101740762""";"=""14254""";"Mirri la Maledetta";"";"";"";"Caos Dimensionale";"Rare";"";"GD";"Good";"N";"";"";"0,20";"0,20";"1";"0,20";"https://www.cardmarket.com/it/Magic/Products/Singles/Planar-Chaos/Mirri-the-Cursed";"https://product-images.s3.cardmarket.com/1/PLC/14254/14254.jpg";"N"
"=""2101740861""";"=""14254""";"Mirri la Maledetta";"";"";"";"Caos Dimensionale";"Rare";"";"PO";"Poor";"N";"";"";"0,10";"0,10";"1";"0,10";"https://www.cardmarket.com/it/Magic/Products/Singles/Planar-Chaos/Mirri-the-Cursed";"https://product-images.s3.cardmarket.com/1/PLC/14254/14254.jpg";"N"
"=""2101744114""";"=""14339""";"Numot, il Devastatore";"";"";"";"Caos Dimensionale";"Rare";"";"EX";"Excellent";"N";"";"";"0,40";"0,40";"1";"0,40";"https://www.cardmarket.com/it/Magic/Products/Singles/Planar-Chaos/Numot-the-Devastator";"https://product-images.s3.cardmarket.com/1/PLC/14339/14339.jpg";"N"
"=""2101744250""";"=""14340""";"Oros, il Vendicatore";"";"";"";"Caos Dimensionale";"Rare";"";"EX";"Excellent";"N";"";"";"0,40";"0,40";"1";"0,40";"https://www.cardmarket.com/it/Magic/Products/Singles/Planar-Chaos/Oros-the-Avenger";"https://product-images.s3.cardmarket.com/1/PLC/14340/14340.jpg";"N"
"=""2101815159""";"=""14296""";"Pirofenice Rovente";"";"";"";"Caos Dimensionale";"Rare";"";"NM";"Near Mint";"N";"";"";"0,20";"0,20";"1";"0,20";"https://www.cardmarket.com/it/Magic/Products/Singles/Planar-Chaos/Molten-Firebird";"https://product-images.s3.cardmarket.com/1/PLC/14296/14296.jpg";"N"
"=""2101818069""";"=""14241""";"Sfinge di Serra";"";"";"";"Caos Dimensionale";"Rare";"";"NM";"Near Mint";"N";"";"";"0,20";"0,20";"1";"0,20";"https://www.cardmarket.com/it/Magic/Products/Singles/Planar-Chaos/Serra-Sphinx";"https://product-images.s3.cardmarket.com/1/PLC/14241/14241.jpg";"N"
"=""2101815386""";"=""14300""";"Wumpus di Shiv";"";"";"";"Caos Dimensionale";"Rare";"";"NM";"Near Mint";"N";"";"";"0,20";"0,20";"1";"0,20";"https://www.cardmarket.com/it/Magic/Products/Singles/Planar-Chaos/Shivan-Wumpus";"https://product-images.s3.cardmarket.com/1/PLC/14300/14300.jpg";"N"
"=""2101912612""";"=""8625""";"Serpente di Tolaria";"";"";"";"Cavalcavento";"Rare";"";"EX";"Excellent";"N";"";"";"1,20";"1,20";"1";"1,20";"https://www.cardmarket.com/it/Magic/Products/Singles/Weatherlight/Tolarian-Serpent";"https://product-images.s3.cardmarket.com/1/WTH/8625/8625.jpg";"N"
"=""2101855489""";"=""242605""";"Angelo dell'Esplosione Solare";"";"";"";"Cicatrici di Mirrodin";"Rare";"";"NM";"Near Mint";"N";"";"";"0,40";"0,40";"1";"0,40";"https://www.cardmarket.com/it/Magic/Products/Singles/Scars-of-Mirrodin/Sunblast-Angel";"https://product-images.s3.cardmarket.com/1/SOM/242605/242605.jpg";"N"
"=""2102872744""";"=""242623""";"Armatura di Argentum";"";"";"";"Cicatrici di Mirrodin";"Rare";"";"NM";"Near Mint";"N";"";"";"0,60";"0,60";"1";"0,60";"https://www.cardmarket.com/it/Magic/Products/Singles/Scars-of-Mirrodin/Argentum-Armor";"https://product-images.s3.cardmarket.com/1/SOM/242623/242623.jpg";"N"
"=""2101899323""";"=""242792""";"Drago Fonditesori";"";"";"";"Cicatrici di Mirrodin";"Rare";"";"NM";"Near Mint";"N";"";"";"0,20";"0,20";"1";"0,20";"https://www.cardmarket.com/it/Magic/Products/Singles/Scars-of-Mirrodin/Hoard-Smelter-Dragon";"https://product-images.s3.cardmarket.com/1/SOM/242792/242792.jpg";"N"
"=""2102873363""";"=""242621""";"Juggernaut di Darksteel";"";"";"";"Cicatrici di Mirrodin";"Rare";"";"NM";"Near Mint";"N";"";"";"0,40";"0,40";"1";"0,40";"https://www.cardmarket.com/it/Magic/Products/Singles/Scars-of-Mirrodin/Darksteel-Juggernaut";"https://product-images.s3.cardmarket.com/1/SOM/242621/242621.jpg";"N"
"=""2101747492""";"=""242545""";"Nibbio Infernale d'Acciaio";"";"";"";"Cicatrici di Mirrodin";"Rare";"";"NM";"Near Mint";"N";"";"";"0,40";"0,40";"1";"0,40";"https://www.cardmarket.com/it/Magic/Products/Singles/Scars-of-Mirrodin/Steel-Hellkite";"https://product-images.s3.cardmarket.com/1/SOM/242545/242545.jpg";"N"
"=""2102868237""";"=""265000""";"Torre di Comando";"";"";"";"Commander 2013";"Common";"";"NM";"Near Mint";"N";"";"";"0,30";"0,30";"1";"0,30";"https://www.cardmarket.com/it/Magic/Products/Singles/Commander-2013/Command-Tower";"https://product-images.s3.cardmarket.com/1/C13/265000/265000.jpg";"N"
"=""2101913301""";"=""264817""";"Uyo, Profeta Silente";"";"";"";"Commander 2013";"Rare";"";"EX";"Excellent";"N";"";"";"0,20";"0,20";"1";"0,20";"https://www.cardmarket.com/it/Magic/Products/Singles/Commander-2013/Uyo-Silent-Prophet";"https://product-images.s3.cardmarket.com/1/C13/264817/264817.jpg";"N"
"=""2102868864""";"=""293801""";"Palazzo d'Opale";"";"";"";"Commander 2016";"Common";"";"NM";"Near Mint";"N";"";"";"0,30";"0,30";"1";"0,30";"https://www.cardmarket.com/it/Magic/Products/Singles/Commander-2016/Opal-Palace";"https://product-images.s3.cardmarket.com/1/C16/293801/293801.jpg";"N"
"=""2101908147""";"=""362001""";"Sigillo Terreno";"";"";"";"Commander 2018";"Rare";"";"NM";"Near Mint";"N";"";"";"0,30";"0,30";"2";"0,60";"https://www.cardmarket.com/it/Magic/Products/Singles/Commander-2018/Ground-Seal";"https://product-images.s3.cardmarket.com/1/C18/362001/362001.jpg";"N"
"=""2101821974""";"=""20723""";"Cantasole Cylian";"";"";"";"Conflux";"Rare";"";"NM";"Near Mint";"N";"";"";"0,20";"0,20";"1";"0,20";"https://www.cardmarket.com/it/Magic/Products/Singles/Conflux/Cylian-Sunsinger";"https://product-images.s3.cardmarket.com/1/CONF/20723/20723.jpg";"N"
"=""2101836982""";"=""20687""";"Demone Estrattore";"";"";"";"Conflux";"Rare";"";"NM";"Near Mint";"N";"";"";"0,20";"0,20";"2";"0,40";"https://www.cardmarket.com/it/Magic/Products/Singles/Conflux/Extractor-Demon";"https://product-images.s3.cardmarket.com/1/CONF/20687/20687.jpg";"N"
"=""2101900159""";"=""20720""";"Fenice del Cuore del Mondo";"";"";"";"Conflux";"Rare";"";"NM";"Near Mint";"N";"";"";"0,20";"0,20";"1";"0,20";"https://www.cardmarket.com/it/Magic/Products/Singles/Conflux/Worldheart-Phoenix";"https://product-images.s3.cardmarket.com/1/CONF/20720/20720.jpg";"N"
"=""2102869235""";"=""20735""";"Grandezza d'Animo";"";"";"";"Conflux";"Rare";"";"NM";"Near Mint";"N";"";"";"0,50";"0,50";"1";"0,50";"https://www.cardmarket.com/it/Magic/Products/Singles/Conflux/Soul-s-Majesty";"https://product-images.s3.cardmarket.com/1/CONF/20735/20735.jpg";"N"
"=""2101900328""";"=""20707""";"Incendiari Goblin";"";"";"";"Conflux";"Rare";"";"NM";"Near Mint";"N";"";"";"0,20";"0,20";"1";"0,20";"https://www.cardmarket.com/it/Magic/Products/Singles/Conflux/Goblin-Razerunners";"https://product-images.s3.cardmarket.com/1/CONF/20707/20707.jpg";"N"
"=""2101864372""";"=""20731""";"Paleoloth";"";"";"";"Conflux";"Rare";"";"NM";"Near Mint";"N";"";"";"0,20";"0,20";"1";"0,20";"https://www.cardmarket.com/it/Magic/Products/Singles/Conflux/Paleoloth";"https://product-images.s3.cardmarket.com/1/CONF/20731/20731.jpg";"N"
"=""2101927186""";"=""20660""";"Scettro del Dominio";"";"";"";"Conflux";"Rare";"";"EX";"Excellent";"N";"";"";"0,20";"0,20";"1";"0,20";"https://www.cardmarket.com/it/Magic/Products/Singles/Conflux/Scepter-of-Dominance";"https://product-images.s3.cardmarket.com/1/CONF/20660/20660.jpg";"N"
"=""2101753317""";"=""20676""";"Scettro dell'Intuito";"";"";"";"Conflux";"Rare";"";"NM";"Near Mint";"N";"";"";"0,30";"0,30";"1";"0,30";"https://www.cardmarket.com/it/Magic/Products/Singles/Conflux/Scepter-of-Insight";"https://product-images.s3.cardmarket.com/1/CONF/20676/20676.jpg";"N"
"=""2101820533""";"=""20742""";"Tiranno Sanguinario";"";"";"";"Conflux";"Rare";"";"NM";"Near Mint";"N";"";"";"0,40";"0,40";"1";"0,40";"https://www.cardmarket.com/it/Magic/Products/Singles/Conflux/Blood-Tyrant";"https://product-images.s3.cardmarket.com/1/CONF/20742/20742.jpg";"N"
"=""2102892801""";"=""20742""";"Tiranno Sanguinario";"";"";"";"Conflux";"Rare";"";"NM";"Near Mint";"N";"";"";"0,20";"0,20";"1";"0,20";"https://www.cardmarket.com/it/Magic/Products/Singles/Conflux/Blood-Tyrant";"https://product-images.s3.cardmarket.com/1/CONF/20742/20742.jpg";"N"
"=""2101890555""";"=""3306""";"Scuta di Phyrexia";"";"";"";"Congiunzione";"Rare";"";"EX";"Excellent";"N";"";"";"1,00";"1,00";"1";"1,00";"https://www.cardmarket.com/it/Magic/Products/Singles/Planeshift/Phyrexian-Scuta";"https://product-images.s3.cardmarket.com/1/PLS/3306/3306.jpg";"N"
"=""2101919440""";"=""3324""";"Sentinella Mogg";"";"";"";"Congiunzione";"Rare";"";"EX";"Excellent";"N";"";"";"0,20";"0,20";"1";"0,20";"https://www.cardmarket.com/it/Magic/Products/Singles/Planeshift/Mogg-Sentry";"https://product-images.s3.cardmarket.com/1/PLS/3324/3324.jpg";"N"
"=""2101919583""";"=""3329""";"Tahngarth, Eroe Talruum (V.1)";"V.1";"V.1";"";"Congiunzione";"Rare";"";"EX";"Excellent";"N";"";"";"0,40";"0,40";"1";"0,40";"https://www.cardmarket.com/it/Magic/Products/Singles/Planeshift/Tahngarth-Talruum-Hero-V-1";"https://product-images.s3.cardmarket.com/1/PLS/3329/3329.jpg";"N"
"=""2101899139""";"=""252525""";"Cavalcainferno";"";"";"";"Dark Ascension";"Rare";"";"NM";"Near Mint";"N";"";"";"0,20";"0,20";"1";"0,20";"https://www.cardmarket.com/it/Magic/Products/Singles/Dark-Ascension/Hellrider";"https://product-images.s3.cardmarket.com/1/DKA/252525/252525.jpg";"N"
"=""2101908382""";"=""252529""";"Ferocia Crescente";"";"";"";"Dark Ascension";"Rare";"";"NM";"Near Mint";"N";"";"";"0,20";"0,20";"1";"0,20";"https://www.cardmarket.com/it/Magic/Products/Singles/Dark-Ascension/Increasing-Savagery";"https://product-images.s3.cardmarket.com/1/DKA/252529/252529.jpg";"N"
"=""2101869269""";"=""252481""";"Immonda delle Ombre";"";"";"";"Dark Ascension";"Rare";"";"NM";"Near Mint";"N";"";"";"0,20";"0,20";"3";"0,60";"https://www.cardmarket.com/it/Magic/Products/Singles/Dark-Ascension/Fiend-of-the-Shadows";"https://product-images.s3.cardmarket.com/1/DKA/252481/252481.jpg";"N"
"=""2101899036""";"=""252522""";"Maledizione del Salasso";"";"";"";"Dark Ascension";"Rare";"";"NM";"Near Mint";"N";"";"";"0,40";"0,40";"1";"0,40";"https://www.cardmarket.com/it/Magic/Products/Singles/Dark-Ascension/Curse-of-Bloodletting";"https://product-images.s3.cardmarket.com/1/DKA/252522/252522.jpg";"N"
"=""2101898812""";"=""252523""";"Scorticatore del Vincolaodio";"";"";"";"Dark Ascension";"Rare";"";"NM";"Near Mint";"N";"";"";"0,40";"0,40";"1";"0,40";"https://www.cardmarket.com/it/Magic/Products/Singles/Dark-Ascension/Flayer-of-the-Hatebound";"https://product-images.s3.cardmarket.com/1/DKA/252523/252523.jpg";"N"
"=""2101856443""";"=""252473""";"Seduta Spiritica";"";"";"";"Dark Ascension";"Rare";"";"NM";"Near Mint";"N";"";"";"0,20";"0,20";"1";"0,20";"https://www.cardmarket.com/it/Magic/Products/Singles/Dark-Ascension/Seance";"https://product-images.s3.cardmarket.com/1/DKA/252473/252473.jpg";"N"
"=""2101856777""";"=""252513""";"Sparizione Improvvisa";"";"";"";"Dark Ascension";"Rare";"";"NM";"Near Mint";"N";"";"";"0,20";"0,20";"1";"0,20";"https://www.cardmarket.com/it/Magic/Products/Singles/Dark-Ascension/Sudden-Disappearance";"https://product-images.s3.cardmarket.com/1/DKA/252513/252513.jpg";"N"
"=""2101842805""";"=""462""";"Angelo Primigenio";"";"";"";"Darksteel";"Rare";"";"NM";"Near Mint";"N";"";"";"0,30";"0,30";"1";"0,30";"https://www.cardmarket.com/it/Magic/Products/Singles/Darksteel/Pristine-Angel";"https://product-images.s3.cardmarket.com/1/DST/462/462.jpg";"N"
"=""2102863823""";"=""468""";"Apprendista Plasmametallo";"";"";"";"Darksteel";"Rare";"";"NM";"Near Mint";"N";"";"";"0,20";"0,20";"1";"0,20";"https://www.cardmarket.com/it/Magic/Products/Singles/Darksteel/Steelshaper-Apprentice";"https://product-images.s3.cardmarket.com/1/DST/468/468.jpg";"N"
"=""2101928093""";"=""451""";"Artefici del Sinodo";"";"";"";"Darksteel";"Rare";"";"EX";"Excellent";"N";"";"";"0,20";"0,20";"2";"0,40";"https://www.cardmarket.com/it/Magic/Products/Singles/Darksteel/Synod-Artificer";"https://product-images.s3.cardmarket.com/1/DST/451/451.jpg";"N"
"=""2102902160""";"=""374""";"Bacchetta degli Elementi";"";"";"";"Darksteel";"Rare";"";"EX";"Excellent";"N";"";"";"0,20";"0,20";"1";"0,20";"https://www.cardmarket.com/it/Magic/Products/Singles/Darksteel/Wand-of-the-Elements";"https://product-images.s3.cardmarket.com/1/DST/374/374.jpg";"N"
"=""2101924759""";"=""317""";"Bonificatore Elettrofuso";"";"";"";"Darksteel";"Rare";"";"EX";"Excellent";"N";"";"";"0,20";"0,20";"2";"0,40";"https://www.cardmarket.com/it/Magic/Products/Singles/Darksteel/Arcbound-Reclaimer";"https://product-images.s3.cardmarket.com/1/DST/317/317.jpg";"N"
"=""2102898734""";"=""340""";"Cacciacuore";"";"";"";"Darksteel";"Rare";"";"NM";"Near Mint";"N";"";"";"0,40";"0,40";"2";"0,80";"https://www.cardmarket.com/it/Magic/Products/Singles/Darksteel/Heartseeker";"https://product-images.s3.cardmarket.com/1/DST/340/340.jpg";"N"
"=""2101904606""";"=""406""";"Cerimonia di Disapprovazione";"";"";"";"Darksteel";"Rare";"";"NM";"Near Mint";"N";"";"";"0,20";"0,20";"1";"0,20";"https://www.cardmarket.com/it/Magic/Products/Singles/Darksteel/Rebuking-Ceremony";"https://product-images.s3.cardmarket.com/1/DST/406/406.jpg";"N"
"=""2101895929""";"=""431""";"Deviare";"";"";"";"Darksteel";"Rare";"";"NM";"Near Mint";"N";"";"";"0,20";"0,20";"1";"0,20";"https://www.cardmarket.com/it/Magic/Products/Singles/Darksteel/Shunt";"https://product-images.s3.cardmarket.com/1/DST/431/431.jpg";"N"
"=""2102899285""";"=""336""";"Divora Giorni";"";"";"";"Darksteel";"Rare";"";"EX";"Excellent";"N";"";"";"0,50";"0,50";"1";"0,50";"https://www.cardmarket.com/it/Magic/Products/Singles/Darksteel/Eater-of-Days";"https://product-images.s3.cardmarket.com/1/DST/336/336.jpg";"N"
"=""2101929003""";"=""437""";"Draghetto Scagliacromata";"";"";"";"Darksteel";"Rare";"";"EX";"Excellent";"N";"";"";"0,20";"0,20";"1";"0,20";"https://www.cardmarket.com/it/Magic/Products/Singles/Darksteel/Chromescale-Drake";"https://product-images.s3.cardmarket.com/1/DST/437/437.jpg";"N"
"=""2101895788""";"=""425""";"Drago della Fornace";"";"";"";"Darksteel";"Rare";"";"NM";"Near Mint";"N";"";"";"0,30";"0,30";"2";"0,60";"https://www.cardmarket.com/it/Magic/Products/Singles/Darksteel/Furnace-Dragon";"https://product-images.s3.cardmarket.com/1/DST/425/425.jpg";"N"
"=""2101904422""";"=""397""";"Entità Eterna";"";"";"";"Darksteel";"Rare";"";"NM";"Near Mint";"N";"";"";"0,20";"0,20";"1";"0,20";"https://www.cardmarket.com/it/Magic/Products/Singles/Darksteel/Ageless-Entity";"https://product-images.s3.cardmarket.com/1/DST/397/397.jpg";"N"
"=""2101904935""";"=""397""";"Entità Eterna";"";"";"";"Darksteel";"Rare";"";"NM";"Near Mint";"N";"";"";"0,20";"0,20";"1";"0,20";"https://www.cardmarket.com/it/Magic/Products/Singles/Darksteel/Ageless-Entity";"https://product-images.s3.cardmarket.com/1/DST/397/397.jpg";"N"
"=""2101852893""";"=""467""";"Epurazione di Anime";"";"";"";"Darksteel";"Rare";"";"NM";"Near Mint";"N";"";"";"0,30";"0,30";"2";"0,60";"https://www.cardmarket.com/it/Magic/Products/Singles/Darksteel/Soulscour";"https://product-images.s3.cardmarket.com/1/DST/467/467.jpg";"N"
"=""2101929654""";"=""446""";"Impulso della Griglia";"";"";"";"Darksteel";"Rare";"";"EX";"Excellent";"N";"";"";"0,20";"0,20";"1";"0,20";"https://www.cardmarket.com/it/Magic/Products/Singles/Darksteel/Pulse-of-the-Grid";"https://product-images.s3.cardmarket.com/1/DST/446/446.jpg";"N"
"=""2101877338""";"=""392""";"Impulso della Scoria";"";"";"";"Darksteel";"Rare";"";"NM";"Near Mint";"N";"";"";"0,20";"0,20";"1";"0,20";"https://www.cardmarket.com/it/Magic/Products/Singles/Darksteel/Pulse-of-the-Dross";"https://product-images.s3.cardmarket.com/1/DST/392/392.jpg";"N"
"=""2101938267""";"=""328""";"Lingotto di Darksteel";"";"";"";"Darksteel";"Common";"";"EX";"Excellent";"N";"";"";"0,20";"0,20";"1";"0,20";"https://www.cardmarket.com/it/Magic/Products/Singles/Darksteel/Darksteel-Ingot";"https://product-images.s3.cardmarket.com/1/DST/328/328.jpg";"N"
"=""2101820223""";"=""337""";"Macchina Gemella";"";"";"";"Darksteel";"Rare";"";"GD";"Good";"N";"";"";"0,20";"0,20";"2";"0,40";"https://www.cardmarket.com/it/Magic/Products/Singles/Darksteel/Gemini-Engine";"https://product-images.s3.cardmarket.com/1/DST/337/337.jpg";"N"
"=""2102896243""";"=""348""";"Matrice di Myr";"";"";"";"Darksteel";"Rare";"";"EX";"Excellent";"N";"";"";"0,50";"0,50";"1";"0,50";"https://www.cardmarket.com/it/Magic/Products/Singles/Darksteel/Myr-Matrix";"https://product-images.s3.cardmarket.com/1/DST/348/348.jpg";"N"
"=""2101877151""";"=""389""";"Melma Mefitica";"";"";"";"Darksteel";"Rare";"";"NM";"Near Mint";"N";"";"";"0,20";"0,20";"2";"0,40";"https://www.cardmarket.com/it/Magic/Products/Singles/Darksteel/Mephitic-Ooze";"https://product-images.s3.cardmarket.com/1/DST/389/389.jpg";"N"
"=""2101926009""";"=""357""";"Pozza della Procreazione";"";"";"";"Darksteel";"Uncommon";"";"EX";"Excellent";"N";"";"";"0,20";"0,20";"1";"0,20";"https://www.cardmarket.com/it/Magic/Products/Singles/Darksteel/Spawning-Pit";"https://product-images.s3.cardmarket.com/1/DST/357/357.jpg";"N"
"=""2101926199""";"=""375""";"Pozzo dei Sogni Perduti";"";"";"";"Darksteel";"Rare";"";"EX";"Excellent";"N";"";"";"0,50";"0,50";"1";"0,50";"https://www.cardmarket.com/it/Magic/Products/Singles/Darksteel/Well-of-Lost-Dreams";"https://product-images.s3.cardmarket.com/1/DST/375/375.jpg";"N"
"=""2101877010""";"=""396""";"Putrefazione Avvizzente";"";"";"";"Darksteel";"Rare";"";"NM";"Near Mint";"N";"";"";"0,20";"0,20";"1";"0,20";"https://www.cardmarket.com/it/Magic/Products/Singles/Darksteel/Shriveling-Rot";"https://product-images.s3.cardmarket.com/1/DST/396/396.jpg";"N"
"=""2101927995""";"=""448""";"Rimodellare";"";"";"";"Darksteel";"Rare";"";"EX";"Excellent";"N";"";"";"0,40";"0,40";"1";"0,40";"https://www.cardmarket.com/it/Magic/Products/Singles/Darksteel/Reshape";"https://product-images.s3.cardmarket.com/1/DST/448/448.jpg";"N"
"=""2101832420""";"=""471""";"Ritorci Magia";"";"";"";"Darksteel";"Rare";"";"EX";"Excellent";"N";"";"";"0,20";"0,20";"1";"0,20";"https://www.cardmarket.com/it/Magic/Products/Singles/Darksteel/Turn-the-Tables";"https://product-images.s3.cardmarket.com/1/DST/471/471.jpg";"N"
"=""2102868531""";"=""416""";"Roccaforte di Darksteel";"";"";"";"Darksteel";"Common";"";"NM";"Near Mint";"N";"";"";"0,40";"0,40";"1";"0,40";"https://www.cardmarket.com/it/Magic/Products/Singles/Darksteel/Darksteel-Citadel";"https://product-images.s3.cardmarket.com/1/DST/416/416.jpg";"N"
"=""2102899431""";"=""368""";"Seziona Pensieri";"";"";"";"Darksteel";"Rare";"";"EX";"Excellent";"N";"";"";"0,20";"0,20";"1";"0,20";"https://www.cardmarket.com/it/Magic/Products/Singles/Darksteel/Thought-Dissector";"https://product-images.s3.cardmarket.com/1/DST/368/368.jpg";"N"
"=""2101751368""";"=""432""";"Slobad, Riparatore Goblin";"";"";"";"Darksteel";"Rare";"";"NM";"Near Mint";"N";"";"";"0,30";"0,30";"2";"0,60";"https://www.cardmarket.com/it/Magic/Products/Singles/Darksteel/Slobad-Goblin-Tinkerer";"https://product-images.s3.cardmarket.com/1/DST/432/432.jpg";"N"
"=""2102899582""";"=""315""";"Sovrintendente Elettrofuso";"";"";"";"Darksteel";"Rare";"";"EX";"Excellent";"N";"";"";"0,40";"0,40";"1";"0,40";"https://www.cardmarket.com/it/Magic/Products/Singles/Darksteel/Arcbound-Overseer";"https://product-images.s3.cardmarket.com/1/DST/315/315.jpg";"N"
"=""2101896101""";"=""424""";"Squarciafiamma";"";"";"";"Darksteel";"Rare";"";"GD";"Good";"N";"";"";"0,20";"0,20";"1";"0,20";"https://www.cardmarket.com/it/Magic/Products/Singles/Darksteel/Flamebreak";"https://product-images.s3.cardmarket.com/1/DST/424/424.jpg";"N"
"=""2101904791""";"=""414""";"Zelota Viridiano";"";"";"";"Darksteel";"Rare";"";"NM";"Near Mint";"N";"";"";"0,20";"0,20";"1";"0,20";"https://www.cardmarket.com/it/Magic/Products/Singles/Darksteel/Viridian-Zealot";"https://product-images.s3.cardmarket.com/1/DST/414/414.jpg";"N"
"=""2101837853""";"=""16176""";"Cho-Manno, Rivoluzionario";"";"";"";"Decima Edizione";"Rare";"";"NM";"Near Mint";"N";"";"";"0,20";"0,20";"1";"0,20";"https://www.cardmarket.com/it/Magic/Products/Singles/Tenth-Edition/ChoManno-Revolutionary";"https://product-images.s3.cardmarket.com/1/10E/16176/16176.jpg";"N"
"=""2103084506""";"=""16430""";"Crescita Gigante";"";"";"";"Decima Edizione";"Common";"";"NM";"Near Mint";"N";"";"";"0,10";"0,10";"1";"0,10";"https://www.cardmarket.com/it/Magic/Products/Singles/Tenth-Edition/Giant-Growth";"https://product-images.s3.cardmarket.com/1/10E/16430/16430.jpg";"N"
"=""2103070258""";"=""16195""";"Pacifismo";"";"";"";"Decima Edizione";"Common";"";"NM";"Near Mint";"N";"";"";"0,10";"0,10";"1";"0,10";"https://www.cardmarket.com/it/Magic/Products/Singles/Tenth-Edition/Pacifism";"https://product-images.s3.cardmarket.com/1/10E/16195/16195.jpg";"N"
"=""2103074801""";"=""16310""";"Scavatombe";"";"";"";"Decima Edizione";"Common";"";"NM";"Near Mint";"N";"";"";"0,10";"0,10";"1";"0,10";"https://www.cardmarket.com/it/Magic/Products/Singles/Tenth-Edition/Gravedigger";"https://product-images.s3.cardmarket.com/1/10E/16310/16310.jpg";"N"
"=""2101821161""";"=""16491""";"Tomo di Jayemdae";"";"";"";"Decima Edizione";"Rare";"";"GD";"Good";"N";"";"";"0,20";"0,20";"1";"0,20";"https://www.cardmarket.com/it/Magic/Products/Singles/Tenth-Edition/Jayemdae-Tome";"https://product-images.s3.cardmarket.com/1/10E/16491/16491.jpg";"N"
"=""2101901994""";"=""10805""";"Coccodrillo Imperatore";"";"";"";"Destino di Urza";"Rare";"";"NM";"Near Mint";"N";"";"";"0,20";"0,20";"1";"0,20";"https://www.cardmarket.com/it/Magic/Products/Singles/Urzas-Destiny/Emperor-Crocodile";"https://product-images.s3.cardmarket.com/1/UDS/10805/10805.jpg";"N"
"=""2110151321""";"=""12967""";"Cripta di Sangue";"";"";"";"Discordia";"Rare";"";"EX";"Excellent";"N";"";"";"12,00";"12,00";"1";"12,00";"https://www.cardmarket.com/it/Magic/Products/Singles/Dissension/Blood-Crypt";"https://product-images.s3.cardmarket.com/1/DIS/12967/12967.jpg";"N"
"=""2102895644""";"=""12980""";"Delitto // Castigo";"";"";"";"Discordia";"Rare";"";"NM";"Near Mint";"N";"";"";"0,40";"0,40";"1";"0,40";"https://www.cardmarket.com/it/Magic/Products/Singles/Dissension/Crime-Punishment";"https://product-images.s3.cardmarket.com/1/DIS/12980/12980.jpg";"N"
"=""2102865991""";"=""13025""";"Lyzolda, la Strega di Sangue";"";"";"";"Discordia";"Rare";"";"EX";"Excellent";"N";"";"";"0,30";"0,30";"1";"0,30";"https://www.cardmarket.com/it/Magic/Products/Singles/Dissension/Lyzolda-the-Blood-Witch";"https://product-images.s3.cardmarket.com/1/DIS/13025/13025.jpg";"N"
"=""2101739817""";"=""13127""";"Predavento";"";"";"";"Discordia";"Rare";"";"EX";"Excellent";"N";"";"";"0,40";"0,40";"1";"0,40";"https://www.cardmarket.com/it/Magic/Products/Singles/Dissension/Windreaver";"https://product-images.s3.cardmarket.com/1/DIS/13127/13127.jpg";"N"
"=""2101821574""";"=""13070""";"Ricerca // Sviluppo";"";"";"";"Discordia";"Rare";"";"GD";"Good";"N";"";"";"0,20";"0,20";"1";"0,20";"https://www.cardmarket.com/it/Magic/Products/Singles/Dissension/Research-Development";"https://product-images.s3.cardmarket.com/1/DIS/13070/13070.jpg";"N"
"=""2101830516""";"=""13096""";"Vendetta in Agguato";"";"";"";"Discordia";"Rare";"";"EX";"Excellent";"N";"";"";"0,30";"0,30";"1";"0,30";"https://www.cardmarket.com/it/Magic/Products/Singles/Dissension/Stalking-Vengeance";"https://product-images.s3.cardmarket.com/1/DIS/13096/13096.jpg";"N"
"=""2101915844""";"=""273105""";"Reggente Squarciatuono";"";"";"";"Draghi di Tarkir";"Rare";"";"EX";"Excellent";"N";"";"";"0,50";"0,50";"1";"0,50";"https://www.cardmarket.com/it/Magic/Products/Singles/Dragons-of-Tarkir/Thunderbreak-Regent";"https://product-images.s3.cardmarket.com/1/DTK/273105/273105.jpg";"N"
"=""2101872034""";"=""273222""";"Tesoro dell'Edonista";"";"";"";"Draghi di Tarkir";"Rare";"";"NM";"Near Mint";"N";"";"";"0,20";"0,20";"1";"0,20";"https://www.cardmarket.com/it/Magic/Products/Singles/Dragons-of-Tarkir/Hedonist-s-Trove";"https://product-images.s3.cardmarket.com/1/DTK/273222/273222.jpg";"N"
"=""2101859332""";"=""288600""";"Cari Estinti";"";"";"";"Duel Decks: Blessed vs. Cursed";"Rare";"";"NM";"Near Mint";"N";"";"";"0,20";"0,20";"1";"0,20";"https://www.cardmarket.com/it/Magic/Products/Singles/Duel-Decks-Blessed-vs-Cursed/Dearly-Departed";"https://product-images.s3.cardmarket.com/1/DDQ/288600/288600.jpg";"N"
"=""2101857653""";"=""288574""";"Devozione Crescente";"";"";"";"Duel Decks: Blessed vs. Cursed";"Rare";"";"NM";"Near Mint";"N";"";"";"0,20";"0,20";"1";"0,20";"https://www.cardmarket.com/it/Magic/Products/Singles/Duel-Decks-Blessed-vs-Cursed/Increasing-Devotion";"https://product-images.s3.cardmarket.com/1/DDQ/288574/288574.jpg";"N"
"=""2101873269""";"=""288586""";"Interrompere la Stirpe";"";"";"";"Duel Decks: Blessed vs. Cursed";"Rare";"";"NM";"Near Mint";"N";"";"";"0,20";"0,20";"1";"0,20";"https://www.cardmarket.com/it/Magic/Products/Singles/Duel-Decks-Blessed-vs-Cursed/Sever-the-Bloodline";"https://product-images.s3.cardmarket.com/1/DDQ/288586/288586.jpg";"N"
"=""2101873746""";"=""288571""";"Mietitore di Anime";"";"";"";"Duel Decks: Blessed vs. Cursed";"Rare";"";"NM";"Near Mint";"N";"";"";"0,50";"0,50";"1";"0,50";"https://www.cardmarket.com/it/Magic/Products/Singles/Duel-Decks-Blessed-vs-Cursed/Harvester-of-Souls";"https://product-images.s3.cardmarket.com/1/DDQ/288571/288571.jpg";"N"
"=""2101872812""";"=""288596""";"Orda Senza Respiro";"";"";"";"Duel Decks: Blessed vs. Cursed";"Rare";"";"NM";"Near Mint";"N";"";"";"0,20";"0,20";"1";"0,20";"https://www.cardmarket.com/it/Magic/Products/Singles/Duel-Decks-Blessed-vs-Cursed/Unbreathing-Horde";"https://product-images.s3.cardmarket.com/1/DDQ/288596/288596.jpg";"N"
"=""2101928888""";"=""288572""";"Vincolarune di Havengul";"";"";"";"Duel Decks: Blessed vs. Cursed";"Rare";"";"EX";"Excellent";"N";"";"";"0,20";"0,20";"1";"0,20";"https://www.cardmarket.com/it/Magic/Products/Singles/Duel-Decks-Blessed-vs-Cursed/Havengul-Runebinder";"https://product-images.s3.cardmarket.com/1/DDQ/288572/288572.jpg";"N"
"=""2103086795""";"=""268829""";"Indebolimento Magico";"";"";"";"Duel Decks: Speed vs. Cunning";"Common";"";"NM";"Near Mint";"N";"";"";"0,20";"0,20";"1";"0,20";"https://www.cardmarket.com/it/Magic/Products/Singles/Duel-Decks-Speed-vs-Cunning/Mana-Leak";"https://product-images.s3.cardmarket.com/1/DDN/268829/268829.jpg";"N"
"=""2101937809""";"=""786867""";"Affondatore delle Fosse Sommerse";"";"";"";"Duskmourn: La Casa degli Orrori";"Uncommon";"";"NM";"Near Mint";"N";"";"";"0,30";"0,30";"1";"0,30";"https://www.cardmarket.com/it/Magic/Products/Singles/Duskmourn-House-of-Horror/Floodpits-Drowner";"https://product-images.s3.cardmarket.com/1/DSK/786867/786867.jpg";"N"
"=""2101933372""";"=""788120""";"Ala Dissacrante // Sala per Rituali";"";"";"";"Duskmourn: La Casa degli Orrori";"Rare";"";"NM";"Near Mint";"N";"";"";"1,70";"1,70";"1";"1,70";"https://www.cardmarket.com/it/Magic/Products/Singles/Duskmourn-House-of-Horror/Unholy-Annex-Ritual-Chamber";"https://product-images.s3.cardmarket.com/1/DSK/788120/788120.jpg";"N"
"=""2102907217""";"=""788429""";"Caldaia Ruggente // Sauna Bollente";"";"";"";"Duskmourn: La Casa degli Orrori";"Rare";"";"NM";"Near Mint";"N";"";"";"0,20";"0,20";"1";"0,20";"https://www.cardmarket.com/it/Magic/Products/Singles/Duskmourn-House-of-Horror/Roaring-Furnace-Steaming-Sauna";"https://product-images.s3.cardmarket.com/1/DSK/788429/788429.jpg";"N"
"=""2101634364""";"=""786383""";"Curiosità Incrollabile";"";"";"";"Duskmourn: La Casa degli Orrori";"Rare";"";"NM";"Near Mint";"N";"";"";"5,40";"5,40";"1";"5,40";"https://www.cardmarket.com/it/Magic/Products/Singles/Duskmourn-House-of-Horror/Enduring-Curiosity";"https://product-images.s3.cardmarket.com/1/DSK/786383/786383.jpg";"N"
"=""2101704920""";"=""788228""";"Esorcizzare";"";"";"";"Duskmourn: La Casa degli Orrori";"Uncommon";"";"NM";"Near Mint";"N";"";"";"0,40";"0,40";"1";"0,40";"https://www.cardmarket.com/it/Magic/Products/Singles/Duskmourn-House-of-Horror/Exorcise";"https://product-images.s3.cardmarket.com/1/DSK/788228/788228.jpg";"N"
"=""2102906654""";"=""788228""";"Esorcizzare";"";"";"";"Duskmourn: La Casa degli Orrori";"Uncommon";"";"NM";"Near Mint";"N";"";"";"0,50";"0,50";"1";"0,50";"https://www.cardmarket.com/it/Magic/Products/Singles/Duskmourn-House-of-Horror/Exorcise";"https://product-images.s3.cardmarket.com/1/DSK/788228/788228.jpg";"N"
"=""2103092194""";"=""788419""";"Grimorio di Marina Vendrell";"";"";"";"Duskmourn: La Casa degli Orrori";"Rare";"";"NM";"Near Mint";"N";"";"";"0,20";"0,20";"1";"0,20";"https://www.cardmarket.com/it/Magic/Products/Singles/Duskmourn-House-of-Horror/Marina-Vendrells-Grimoire";"https://product-images.s3.cardmarket.com/1/DSK/788419/788419.jpg";"N"
"=""2102883618""";"=""786382""";"La Salvatrice Viandante";"";"";"";"Duskmourn: La Casa degli Orrori";"Mythic";"";"NM";"Near Mint";"N";"";"";"1,40";"1,40";"1";"1,40";"https://www.cardmarket.com/it/Magic/Products/Singles/Duskmourn-House-of-Horror/The-Wandering-Rescuer";"https://product-images.s3.cardmarket.com/1/DSK/786382/786382.jpg";"N"
"=""2101688395""";"=""786498""";"Leyline del Nulla";"";"";"";"Duskmourn: La Casa degli Orrori";"Rare";"";"NM";"Near Mint";"N";"";"";"0,60";"0,60";"1";"0,60";"https://www.cardmarket.com/it/Magic/Products/Singles/Duskmourn-House-of-Horror/Leyline-of-the-Void";"https://product-images.s3.cardmarket.com/1/DSK/786498/786498.jpg";"N"
"=""2102876034""";"=""788181""";"Marvin, Mimic Omicida";"";"";"";"Duskmourn: La Casa degli Orrori";"Rare";"";"NM";"Near Mint";"N";"";"";"1,10";"1,10";"1";"1,10";"https://www.cardmarket.com/it/Magic/Products/Singles/Duskmourn-House-of-Horror/Marvin-Murderous-Mimic";"https://product-images.s3.cardmarket.com/1/DSK/788181/788181.jpg";"N"
"=""2101935646""";"=""786503""";"Motosega";"";"";"";"Duskmourn: La Casa degli Orrori";"Rare";"";"NM";"Near Mint";"N";"";"";"0,30";"0,30";"1";"0,30";"https://www.cardmarket.com/it/Magic/Products/Singles/Duskmourn-House-of-Horror/Chainsaw";"https://product-images.s3.cardmarket.com/1/DSK/786503/786503.jpg";"N"
"=""2101934136""";"=""786500""";"Nessuna Via di Fuga";"";"";"";"Duskmourn: La Casa degli Orrori";"Uncommon";"";"NM";"Near Mint";"N";"";"";"0,60";"0,60";"2";"1,20";"https://www.cardmarket.com/it/Magic/Products/Singles/Duskmourn-House-of-Horror/Nowhere-to-Run";"https://product-images.s3.cardmarket.com/1/DSK/786500/786500.jpg";"N"
"=""2101932999""";"=""786561""";"Pelosone Rappezzato";"";"";"";"Duskmourn: La Casa degli Orrori";"Uncommon";"";"NM";"Near Mint";"N";"";"";"0,20";"0,20";"1";"0,20";"https://www.cardmarket.com/it/Magic/Products/Singles/Duskmourn-House-of-Horror/Patchwork-Beastie";"https://product-images.s3.cardmarket.com/1/DSK/786561/786561.jpg";"N"
"=""2101633900""";"=""788121""";"Protezione Fantasma";"";"";"";"Duskmourn: La Casa degli Orrori";"Uncommon";"";"NM";"Near Mint";"N";"";"";"1,80";"1,80";"1";"1,80";"https://www.cardmarket.com/it/Magic/Products/Singles/Duskmourn-House-of-Horror/Sheltered-by-Ghosts";"https://product-images.s3.cardmarket.com/1/DSK/788121/788121.jpg";"N"
"=""2101933091""";"=""786827""";"Squarciatore Inarrestabile";"";"";"";"Duskmourn: La Casa degli Orrori";"Rare";"";"NM";"Near Mint";"N";"";"";"2,50";"2,50";"1";"2,50";"https://www.cardmarket.com/it/Magic/Products/Singles/Duskmourn-House-of-Horror/Unstoppable-Slasher";"https://product-images.s3.cardmarket.com/1/DSK/786827/786827.jpg";"N"
"=""2101712651""";"=""788175""";"Tormento Deturpante";"";"";"";"Duskmourn: La Casa degli Orrori";"Uncommon";"";"NM";"Near Mint";"N";"";"";"1,40";"1,40";"1";"1,40";"https://www.cardmarket.com/it/Magic/Products/Singles/Duskmourn-House-of-Horror/Withering-Torment";"https://product-images.s3.cardmarket.com/1/DSK/788175/788175.jpg";"N"
"=""2101692294""";"=""786598""";"Trascinare alle Radici";"";"";"";"Duskmourn: La Casa degli Orrori";"Uncommon";"";"NM";"Near Mint";"N";"";"";"0,20";"0,20";"1";"0,20";"https://www.cardmarket.com/it/Magic/Products/Singles/Duskmourn-House-of-Horror/Drag-to-the-Roots";"https://product-images.s3.cardmarket.com/1/DSK/786598/786598.jpg";"N"
"=""2102882466""";"=""788158""";"L'Allegro Pagliaccio dei Palloncini";"";"";"";"Duskmourn: La Casa degli Orrori: Extras";"Rare";"";"NM";"Near Mint";"N";"";"";"3,00";"3,00";"1";"3,00";"https://www.cardmarket.com/it/Magic/Products/Singles/Duskmourn-House-of-Horror-Extras/The-Jolly-Balloon-Man";"https://product-images.s3.cardmarket.com/1/XDSK/788158/788158.jpg";"N"
"=""2102887373""";"=""788144""";"Straziatore del Giudizio";"";"";"";"Duskmourn: La Casa degli Orrori: Extras";"Rare";"";"NM";"Near Mint";"N";"";"";"1,50";"1,50";"1";"1,50";"https://www.cardmarket.com/it/Magic/Products/Singles/Duskmourn-House-of-Horror-Extras/Doomsday-Excruciator";"https://product-images.s3.cardmarket.com/1/XDSK/788144/788144.jpg";"N"
"=""2102907017""";"=""788104""";"Wurm Balaustra";"";"";"";"Duskmourn: La Casa degli Orrori: Extras";"Rare";"";"NM";"Near Mint";"N";"";"";"0,50";"0,50";"1";"0,50";"https://www.cardmarket.com/it/Magic/Products/Singles/Duskmourn-House-of-Horror-Extras/Balustrade-Wurm";"https://product-images.s3.cardmarket.com/1/XDSK/788104/788104.jpg";"N"
"=""2101927695""";"=""10679""";"Bestia da Soma";"";"";"";"Eredità di Urza";"Rare";"";"EX";"Excellent";"N";"";"";"0,40";"0,40";"1";"0,40";"https://www.cardmarket.com/it/Magic/Products/Singles/Urzas-Legacy/Beast-of-Burden";"https://product-images.s3.cardmarket.com/1/ULG/10679/10679.jpg";"N"
"=""2101917605""";"=""10648""";"Fenice di Shiv";"";"";"";"Eredità di Urza";"Rare";"";"NM";"Near Mint";"N";"";"";"0,50";"0,50";"1";"0,50";"https://www.cardmarket.com/it/Magic/Products/Singles/Urzas-Legacy/Shivan-Phoenix";"https://product-images.s3.cardmarket.com/1/ULG/10648/10648.jpg";"N"
"=""2101917774""";"=""10642""";"Idra di Metallo Fuso";"";"";"";"Eredità di Urza";"Rare";"";"NM";"Near Mint";"N";"";"";"0,50";"0,50";"1";"0,50";"https://www.cardmarket.com/it/Magic/Products/Singles/Urzas-Legacy/Molten-Hydra";"https://product-images.s3.cardmarket.com/1/ULG/10642/10642.jpg";"N"
"=""2101888114""";"=""9298""";"Progenie dell'Abisso";"";"";"";"Esodo";"Rare";"";"NM";"Near Mint";"N";"";"";"0,40";"0,40";"1";"0,40";"https://www.cardmarket.com/it/Magic/Products/Singles/Exodus/Pit-Spawn";"https://product-images.s3.cardmarket.com/1/EXO/9298/9298.jpg";"N"
"=""2103069642""";"=""290486""";"Baia Tranquilla";"";"";"";"Eternal Masters";"Common";"";"NM";"Near Mint";"N";"";"";"0,10";"0,10";"1";"0,10";"https://www.cardmarket.com/it/Magic/Products/Singles/Eternal-Masters/Tranquil-Cove";"https://product-images.s3.cardmarket.com/1/EMA/290486/290486.jpg";"N"
"=""2101937496""";"=""826593""";"Adalberto Steiner";"";"";"";"FINAL FANTASY";"Uncommon";"";"NM";"Near Mint";"N";"";"";"0,20";"0,20";"1";"0,20";"https://www.cardmarket.com/it/Magic/Products/Singles/Magic-The-Gathering-FINAL-FANTASY/Adelbert-Steiner";"https://product-images.s3.cardmarket.com/1/FIN/826593/826593.jpg";"N"
"=""2102877057""";"=""824124""";"Aerith Gainsborough";"";"";"";"FINAL FANTASY";"Rare";"";"NM";"Near Mint";"N";"";"";"1,00";"1,00";"1";"1,00";"https://www.cardmarket.com/it/Magic/Products/Singles/Magic-The-Gathering-FINAL-FANTASY/Aerith-Gainsborough";"https://product-images.s3.cardmarket.com/1/FIN/824124/824124.jpg";"N"
"=""2102876393""";"=""824133""";"Ardyn, l'Usurpatore";"";"";"";"FINAL FANTASY";"Rare";"";"NM";"Near Mint";"N";"";"";"1,00";"1,00";"1";"1,00";"https://www.cardmarket.com/it/Magic/Products/Singles/Magic-The-Gathering-FINAL-FANTASY/Ardyn-the-Usurper";"https://product-images.s3.cardmarket.com/1/FIN/824133/824133.jpg";"N"
"=""2102877668""";"=""826129""";"Arsenale del Macchinista";"";"";"";"FINAL FANTASY";"Rare";"";"NM";"Near Mint";"N";"";"";"0,30";"0,30";"1";"0,30";"https://www.cardmarket.com/it/Magic/Products/Singles/Magic-The-Gathering-FINAL-FANTASY/Machinists-Arsenal";"https://product-images.s3.cardmarket.com/1/FIN/826129/826129.jpg";"N"
"=""2102906889""";"=""827001""";"Balamb Garden, SeeD Academy // Balamb Garden, Airborne";"";"";"";"FINAL FANTASY";"Rare";"";"NM";"Near Mint";"N";"";"";"0,20";"0,20";"1";"0,20";"https://www.cardmarket.com/it/Magic/Products/Singles/Magic-The-Gathering-FINAL-FANTASY/Balamb-Garden-SeeD-Academy-Balamb-Garden-Airborne";"https://product-images.s3.cardmarket.com/1/FIN/827001/827001.jpg";"N"
"=""2101705092""";"=""827764""";"Calcio del Chocobo";"";"";"";"FINAL FANTASY";"Common";"";"NM";"Near Mint";"N";"";"";"0,40";"0,40";"1";"0,40";"https://www.cardmarket.com/it/Magic/Products/Singles/Magic-The-Gathering-FINAL-FANTASY/Chocobo-Kick";"https://product-images.s3.cardmarket.com/1/FIN/827764/827764.jpg";"N"
"=""2101705303""";"=""827764""";"Calcio del Chocobo";"";"";"";"FINAL FANTASY";"Common";"";"NM";"Near Mint";"N";"";"";"0,20";"0,20";"1";"0,20";"https://www.cardmarket.com/it/Magic/Products/Singles/Magic-The-Gathering-FINAL-FANTASY/Chocobo-Kick";"https://product-images.s3.cardmarket.com/1/FIN/827764/827764.jpg";"N"
"=""2101933228""";"=""825776""";"Choco, Cercatore del Paradiso";"";"";"";"FINAL FANTASY";"Rare";"";"NM";"Near Mint";"N";"";"";"0,40";"0,40";"1";"0,40";"https://www.cardmarket.com/it/Magic/Products/Singles/Magic-The-Gathering-FINAL-FANTASY/Choco-Seeker-of-Paradise";"https://product-images.s3.cardmarket.com/1/FIN/825776/825776.jpg";"N"
"=""2101636742""";"=""824154""";"Chocobo Viaggiatore";"";"";"";"FINAL FANTASY";"Mythic";"";"NM";"Near Mint";"N";"";"";"22,00";"22,00";"1";"22,00";"https://www.cardmarket.com/it/Magic/Products/Singles/Magic-The-Gathering-FINAL-FANTASY/Traveling-Chocobo";"https://product-images.s3.cardmarket.com/1/FIN/824154/824154.jpg";"N"
"=""2101712938""";"=""824148""";"Comunione con i Castori";"";"";"";"FINAL FANTASY";"Common";"";"NM";"Near Mint";"N";"";"";"0,20";"0,20";"1";"0,20";"https://www.cardmarket.com/it/Magic/Products/Singles/Magic-The-Gathering-FINAL-FANTASY/Commune-with-Beavers";"https://product-images.s3.cardmarket.com/1/FIN/824148/824148.jpg";"N"
"=""2101933567""";"=""826599""";"Da Padre a Figlio";"";"";"";"FINAL FANTASY";"Rare";"";"NM";"Near Mint";"N";"";"";"0,20";"0,20";"1";"0,20";"https://www.cardmarket.com/it/Magic/Products/Singles/Magic-The-Gathering-FINAL-FANTASY/From-Father-to-Son";"https://product-images.s3.cardmarket.com/1/FIN/826599/826599.jpg";"N"
"=""2101689048""";"=""824145""";"Firion, Guerriero della Rosa Selvatica";"";"";"";"FINAL FANTASY";"Rare";"";"NM";"Near Mint";"N";"";"";"0,60";"0,60";"2";"1,20";"https://www.cardmarket.com/it/Magic/Products/Singles/Magic-The-Gathering-FINAL-FANTASY/Firion-Wild-Rose-Warrior";"https://product-images.s3.cardmarket.com/1/FIN/824145/824145.jpg";"N"
"=""2101937270""";"=""824146""";"Gilgamesh, Maestro d'Armi";"";"";"";"FINAL FANTASY";"Rare";"";"NM";"Near Mint";"N";"";"";"0,20";"0,20";"1";"0,20";"https://www.cardmarket.com/it/Magic/Products/Singles/Magic-The-Gathering-FINAL-FANTASY/Gilgamesh-Master-at-Arms";"https://product-images.s3.cardmarket.com/1/FIN/824146/824146.jpg";"N"
"=""2102887179""";"=""826601""";"Il Cristallo dell'Aria";"";"";"";"FINAL FANTASY";"Rare";"";"NM";"Near Mint";"N";"";"";"3,00";"3,00";"1";"3,00";"https://www.cardmarket.com/it/Magic/Products/Singles/Magic-The-Gathering-FINAL-FANTASY/The-Wind-Crystal";"https://product-images.s3.cardmarket.com/1/FIN/826601/826601.jpg";"N"
"=""2101629800""";"=""824136""";"Il Cristallo dell'Oscurità";"";"";"";"FINAL FANTASY";"Rare";"";"NM";"Near Mint";"N";"";"";"2,40";"2,40";"1";"2,40";"https://www.cardmarket.com/it/Magic/Products/Singles/Magic-The-Gathering-FINAL-FANTASY/The-Darkness-Crystal";"https://product-images.s3.cardmarket.com/1/FIN/824136/824136.jpg";"N"
"=""2101631134""";"=""824123""";"Invocazione: Bahamut";"";"";"";"FINAL FANTASY";"Mythic";"";"NM";"Near Mint";"N";"";"";"22,00";"22,00";"1";"22,00";"https://www.cardmarket.com/it/Magic/Products/Singles/Magic-The-Gathering-FINAL-FANTASY/Summon-Bahamut";"https://product-images.s3.cardmarket.com/1/FIN/824123/824123.jpg";"N"
"=""2101713148""";"=""824150""";"Invocazione: Fenrir";"";"";"";"FINAL FANTASY";"Uncommon";"";"NM";"Near Mint";"N";"";"";"0,40";"0,40";"1";"0,40";"https://www.cardmarket.com/it/Magic/Products/Singles/Magic-The-Gathering-FINAL-FANTASY/Summon-Fenrir";"https://product-images.s3.cardmarket.com/1/FIN/824150/824150.jpg";"N"
"=""2102904917""";"=""824141""";"Invocazione: Primal Odino";"";"";"";"FINAL FANTASY";"Rare";"";"NM";"Near Mint";"N";"";"";"10,00";"10,00";"1";"10,00";"https://www.cardmarket.com/it/Magic/Products/Singles/Magic-The-Gathering-FINAL-FANTASY/Summon-Primal-Odin";"https://product-images.s3.cardmarket.com/1/FIN/824141/824141.jpg";"N"
"=""2101688774""";"=""824141""";"Invocazione: Primal Odino";"";"";"";"FINAL FANTASY";"Rare";"";"NM";"Near Mint";"N";"";"";"1,00";"1,00";"1";"1,00";"https://www.cardmarket.com/it/Magic/Products/Singles/Magic-The-Gathering-FINAL-FANTASY/Summon-Primal-Odin";"https://product-images.s3.cardmarket.com/1/FIN/824141/824141.jpg";"N"
"=""2102879257""";"=""825660""";"Jecht, Reluctant Guardian // Braska's Final Aeon";"";"";"";"FINAL FANTASY";"Rare";"";"NM";"Near Mint";"N";"";"";"0,40";"0,40";"1";"0,40";"https://www.cardmarket.com/it/Magic/Products/Singles/Magic-The-Gathering-FINAL-FANTASY/Jecht-Reluctant-Guardian-Braskas-Final-Aeon";"https://product-images.s3.cardmarket.com/1/FIN/825660/825660.jpg";"N"
"=""2101937198""";"=""827791""";"La Masamune";"";"";"";"FINAL FANTASY";"Rare";"";"NM";"Near Mint";"N";"";"";"0,50";"0,50";"1";"0,50";"https://www.cardmarket.com/it/Magic/Products/Singles/Magic-The-Gathering-FINAL-FANTASY/The-Masamune";"https://product-images.s3.cardmarket.com/1/FIN/827791/827791.jpg";"N"
"=""2103098283""";"=""826893""";"La Regalia";"";"";"";"FINAL FANTASY";"Rare";"";"NM";"Near Mint";"N";"";"";"0,90";"0,90";"1";"0,90";"https://www.cardmarket.com/it/Magic/Products/Singles/Magic-The-Gathering-FINAL-FANTASY/The-Regalia";"https://product-images.s3.cardmarket.com/1/FIN/826893/826893.jpg";"N"
"=""2101937329""";"=""827718""";"Magia Rigenerativa";"";"";"";"FINAL FANTASY";"Uncommon";"";"NM";"Near Mint";"N";"";"";"0,50";"0,50";"2";"1,00";"https://www.cardmarket.com/it/Magic/Products/Singles/Magic-The-Gathering-FINAL-FANTASY/Restoration-Magic";"https://product-images.s3.cardmarket.com/1/FIN/827718/827718.jpg";"N"
"=""2102877854""";"=""827759""";"Magia del Tuono";"";"";"";"FINAL FANTASY";"Common";"";"NM";"Near Mint";"N";"";"";"0,20";"0,20";"1";"0,20";"https://www.cardmarket.com/it/Magic/Products/Singles/Magic-The-Gathering-FINAL-FANTASY/Thunder-Magic";"https://product-images.s3.cardmarket.com/1/FIN/827759/827759.jpg";"N"
"=""2101688004""";"=""827717""";"Minwu, Mago Bianco";"";"";"";"FINAL FANTASY";"Rare";"";"NM";"Near Mint";"N";"";"";"0,60";"0,60";"1";"0,60";"https://www.cardmarket.com/it/Magic/Products/Singles/Magic-The-Gathering-FINAL-FANTASY/Minwu-White-Mage";"https://product-images.s3.cardmarket.com/1/FIN/827717/827717.jpg";"N"
"=""2101937564""";"=""825638""";"Pittura di Relm";"";"";"";"FINAL FANTASY";"Uncommon";"";"NM";"Near Mint";"N";"";"";"0,20";"0,20";"1";"0,20";"https://www.cardmarket.com/it/Magic/Products/Singles/Magic-The-Gathering-FINAL-FANTASY/Relms-Sketching";"https://product-images.s3.cardmarket.com/1/FIN/825638/825638.jpg";"N"
"=""2102878421""";"=""827725""";"Ricordi che Riaffiorano";"";"";"";"FINAL FANTASY";"Rare";"";"NM";"Near Mint";"N";"";"";"0,50";"0,50";"1";"0,50";"https://www.cardmarket.com/it/Magic/Products/Singles/Magic-The-Gathering-FINAL-FANTASY/Memories-Returning";"https://product-images.s3.cardmarket.com/1/FIN/827725/827725.jpg";"N"
"=""2101690960""";"=""827752""";"Sabotender";"";"";"";"FINAL FANTASY";"Common";"";"NM";"Near Mint";"N";"";"";"0,20";"0,20";"2";"0,40";"https://www.cardmarket.com/it/Magic/Products/Singles/Magic-The-Gathering-FINAL-FANTASY/Sabotender";"https://product-images.s3.cardmarket.com/1/FIN/827752/827752.jpg";"N"
"=""2101688222""";"=""827723""";"Sacrificio di Louisoix";"";"";"";"FINAL FANTASY";"Rare";"";"NM";"Near Mint";"N";"";"";"0,70";"0,70";"1";"0,70";"https://www.cardmarket.com/it/Magic/Products/Singles/Magic-The-Gathering-FINAL-FANTASY/Louisoixs-Sacrifice";"https://product-images.s3.cardmarket.com/1/FIN/827723/827723.jpg";"N"
"=""2101937422""";"=""826192""";"Serah Farron // Crystallized Serah";"";"";"";"FINAL FANTASY";"Rare";"";"NM";"Near Mint";"N";"";"";"0,20";"0,20";"1";"0,20";"https://www.cardmarket.com/it/Magic/Products/Singles/Magic-The-Gathering-FINAL-FANTASY/Serah-Farron-Crystallized-Serah";"https://product-images.s3.cardmarket.com/1/FIN/826192/826192.jpg";"N"
"=""2102878960""";"=""824119""";"Sin, Punizione di Spira";"";"";"";"FINAL FANTASY";"Rare";"";"NM";"Near Mint";"N";"";"";"0,50";"0,50";"1";"0,50";"https://www.cardmarket.com/it/Magic/Products/Singles/Magic-The-Gathering-FINAL-FANTASY/Sin-Spiras-Punishment";"https://product-images.s3.cardmarket.com/1/FIN/824119/824119.jpg";"N"
"=""2102877442""";"=""826999""";"Tellah, Grande Saggio";"";"";"";"FINAL FANTASY";"Rare";"";"NM";"Near Mint";"N";"";"";"0,30";"0,30";"1";"0,30";"https://www.cardmarket.com/it/Magic/Products/Singles/Magic-The-Gathering-FINAL-FANTASY/Tellah-Great-Sage";"https://product-images.s3.cardmarket.com/1/FIN/826999/826999.jpg";"N"
"=""2101712815""";"=""825671""";"Treno Fantasma";"";"";"";"FINAL FANTASY";"Uncommon";"";"NM";"Near Mint";"N";"";"";"0,20";"0,20";"1";"0,20";"https://www.cardmarket.com/it/Magic/Products/Singles/Magic-The-Gathering-FINAL-FANTASY/Phantom-Train";"https://product-images.s3.cardmarket.com/1/FIN/825671/825671.jpg";"N"
"=""2102878249""";"=""824968""";"Ultima, Origine del Caos";"";"";"";"FINAL FANTASY";"Rare";"";"NM";"Near Mint";"N";"";"";"1,00";"1,00";"1";"1,00";"https://www.cardmarket.com/it/Magic/Products/Singles/Magic-The-Gathering-FINAL-FANTASY/Ultima-Origin-of-Oblivion";"https://product-images.s3.cardmarket.com/1/FIN/824968/824968.jpg";"N"
"=""2101692025""";"=""824166""";"Ultimecia, Time Sorceress // Ultimecia, Omnipotent";"";"";"";"FINAL FANTASY";"Uncommon";"";"NM";"Near Mint";"N";"";"";"0,40";"0,40";"1";"0,40";"https://www.cardmarket.com/it/Magic/Products/Singles/Magic-The-Gathering-FINAL-FANTASY/Ultimecia-Time-Sorceress-Ultimecia-Omnipotent";"https://product-images.s3.cardmarket.com/1/FIN/824166/824166.jpg";"N"
"=""2102877254""";"=""825628""";"Valore dei Moguri";"";"";"";"FINAL FANTASY";"Rare";"";"NM";"Near Mint";"N";"";"";"0,50";"0,50";"1";"0,50";"https://www.cardmarket.com/it/Magic/Products/Singles/Magic-The-Gathering-FINAL-FANTASY/Moogles-Valor";"https://product-images.s3.cardmarket.com/1/FIN/825628/825628.jpg";"N"
"=""2101704603""";"=""826131""";"Zack Fair";"";"";"";"FINAL FANTASY";"Uncommon";"";"NM";"Near Mint";"N";"";"";"1,00";"1,00";"1";"1,00";"https://www.cardmarket.com/it/Magic/Products/Singles/Magic-The-Gathering-FINAL-FANTASY/Zack-Fair";"https://product-images.s3.cardmarket.com/1/FIN/826131/826131.jpg";"N"
"=""2101688598""";"=""824142""";"Zodiark, Dio delle Ombre";"";"";"";"FINAL FANTASY";"Rare";"";"NM";"Near Mint";"N";"";"";"0,70";"0,70";"1";"0,70";"https://www.cardmarket.com/it/Magic/Products/Singles/Magic-The-Gathering-FINAL-FANTASY/Zodiark-Umbral-God";"https://product-images.s3.cardmarket.com/1/FIN/824142/824142.jpg";"N"
"=""2101704222""";"=""824306""";"Cid, Artefice Senza Tempo (V.13)";"V.13";"V.13";"";"FINAL FANTASY: Extras";"Uncommon";"";"NM";"Near Mint";"N";"";"";"6,90";"6,90";"1";"6,90";"https://www.cardmarket.com/it/Magic/Products/Singles/Magic-The-Gathering-FINAL-FANTASY-Extras/Cid-Timeless-Artificer-V13";"https://product-images.s3.cardmarket.com/1/XFIN/824306/824306.jpg";"N"
"=""2101712161""";"=""827804""";"Invocazione: Chocomoguri";"";"";"";"FINAL FANTASY: Extras";"Common";"";"NM";"Near Mint";"N";"";"";"0,70";"0,70";"1";"0,70";"https://www.cardmarket.com/it/Magic/Products/Singles/Magic-The-Gathering-FINAL-FANTASY-Extras/Summon-ChocoMog";"https://product-images.s3.cardmarket.com/1/XFIN/827804/827804.jpg";"N"
"=""2101933995""";"=""827809""";"Seifer Almasy (V.1)";"V.1";"V.1";"";"FINAL FANTASY: Extras";"Rare";"";"NM";"Near Mint";"N";"";"";"12,00";"12,00";"1";"12,00";"https://www.cardmarket.com/it/Magic/Products/Singles/Magic-The-Gathering-FINAL-FANTASY-Extras/Seifer-Almasy-V1";"https://product-images.s3.cardmarket.com/1/XFIN/827809/827809.jpg";"N"
"=""2101831072""";"=""1081""";"Dragotiranno";"";"";"";"Flagello";"Rare";"";"GD";"Good";"N";"";"";"0,90";"0,90";"1";"0,90";"https://www.cardmarket.com/it/Magic/Products/Singles/Scourge/Dragon-Tyrant";"https://product-images.s3.cardmarket.com/1/SCG/1081/1081.jpg";"N"
"=""2101887598""";"=""1055""";"Fanghiglia Corrosiva";"";"";"";"Flagello";"Rare";"";"NM";"Near Mint";"N";"";"";"0,40";"0,40";"2";"0,80";"https://www.cardmarket.com/it/Magic/Products/Singles/Scourge/Consumptive-Goo";"https://product-images.s3.cardmarket.com/1/SCG/1055/1055.jpg";"N"
"=""2101929842""";"=""1024""";"Il Giorno dei Draghi";"";"";"";"Flagello";"Rare";"";"EX";"Excellent";"N";"";"";"0,20";"0,20";"1";"0,20";"https://www.cardmarket.com/it/Magic/Products/Singles/Scourge/Day-of-the-Dragons";"https://product-images.s3.cardmarket.com/1/SCG/1024/1024.jpg";"N"
"=""2101929114""";"=""1035""";"Quanar Malevolo";"";"";"";"Flagello";"Rare";"";"EX";"Excellent";"N";"";"";"0,20";"0,20";"1";"0,20";"https://www.cardmarket.com/it/Magic/Products/Singles/Scourge/Mischievous-Quanar";"https://product-images.s3.cardmarket.com/1/SCG/1035/1035.jpg";"N"
"=""2101852230""";"=""1017""";"Scava Trappole";"";"";"";"Flagello";"Rare";"";"NM";"Near Mint";"N";"";"";"0,30";"0,30";"1";"0,30";"https://www.cardmarket.com/it/Magic/Products/Singles/Scourge/Trap-Digger";"https://product-images.s3.cardmarket.com/1/SCG/1017/1017.jpg";"N"
"=""2101813298""";"=""1126""";"Simbionte di Boscocavo";"";"";"";"Flagello";"Uncommon";"";"NM";"Near Mint";"N";"";"";"1,00";"1,00";"1";"1,00";"https://www.cardmarket.com/it/Magic/Products/Singles/Scourge/Wirewood-Symbiote";"https://product-images.s3.cardmarket.com/1/SCG/1126/1126.jpg";"N"
"=""2102900689""";"=""1135""";"Stabilizzatore";"";"";"";"Flagello";"Rare";"";"NM";"Near Mint";"N";"";"";"0,20";"0,20";"1";"0,20";"https://www.cardmarket.com/it/Magic/Products/Singles/Scourge/Stabilizer";"https://product-images.s3.cardmarket.com/1/SCG/1135/1135.jpg";"N"
"=""2102868020""";"=""1136""";"Tempio della Dea Fasulla";"";"";"";"Flagello";"Uncommon";"";"NM";"Near Mint";"N";"";"";"0,30";"0,30";"1";"0,30";"https://www.cardmarket.com/it/Magic/Products/Singles/Scourge/Temple-of-the-False-God";"https://product-images.s3.cardmarket.com/1/SCG/1136/1136.jpg";"N"
"=""2101929494""";"=""1028""";"Volti del Passato";"";"";"";"Flagello";"Rare";"";"NM";"Near Mint";"N";"";"";"2,50";"2,50";"1";"2,50";"https://www.cardmarket.com/it/Magic/Products/Singles/Scourge/Faces-of-the-Past";"https://product-images.s3.cardmarket.com/1/SCG/1028/1028.jpg";"N"
"=""2101856937""";"=""259894""";"Medico in Prima Linea";"";"";"";"Gatecrash";"Rare";"";"NM";"Near Mint";"N";"";"";"0,30";"0,30";"1";"0,30";"https://www.cardmarket.com/it/Magic/Products/Singles/Gatecrash/Frontline-Medic";"https://product-images.s3.cardmarket.com/1/GTC/259894/259894.jpg";"N"
"=""2103070693""";"=""364302""";"Utopia Urbana";"";"";"";"Gilde di Ravnica";"Common";"";"NM";"Near Mint";"N";"";"";"0,10";"0,10";"1";"0,10";"https://www.cardmarket.com/it/Magic/Products/Singles/Guilds-of-Ravnica/Urban-Utopia";"https://product-images.s3.cardmarket.com/1/GRN/364302/364302.jpg";"N"
"=""2101706742""";"=""882871""";"Aggiustare Ciò Che è Rotto";"";"";"";"I Segreti di Strixhaven";"Rare";"";"NM";"Near Mint";"N";"";"";"0,40";"0,40";"1";"0,40";"https://www.cardmarket.com/it/Magic/Products/Singles/Secrets-of-Strixhaven/Fix-Whats-Broken";"https://product-images.s3.cardmarket.com/1/SOS/882871/882871.jpg";"N"
"=""2101707183""";"=""882075""";"Arca della Fame";"";"";"";"I Segreti di Strixhaven";"Rare";"";"NM";"Near Mint";"N";"";"";"0,60";"0,60";"1";"0,60";"https://www.cardmarket.com/it/Magic/Products/Singles/Secrets-of-Strixhaven/Ark-of-Hunger";"https://product-images.s3.cardmarket.com/1/SOS/882075/882075.jpg";"N"
"=""2101685485""";"=""882674""";"Arcaico dell'Emomagma";"";"";"";"I Segreti di Strixhaven";"Rare";"";"NM";"Near Mint";"N";"";"";"0,40";"0,40";"2";"0,80";"https://www.cardmarket.com/it/Magic/Products/Singles/Secrets-of-Strixhaven/Magmablood-Archaic";"https://product-images.s3.cardmarket.com/1/SOS/882674/882674.jpg";"N"
"=""2101682858""";"=""881835""";"Aviobalena Spettacolare";"";"";"";"I Segreti di Strixhaven";"Uncommon";"";"NM";"Near Mint";"N";"";"";"0,20";"0,20";"1";"0,20";"https://www.cardmarket.com/it/Magic/Products/Singles/Secrets-of-Strixhaven/Spectacular-Skywhale";"https://product-images.s3.cardmarket.com/1/SOS/881835/881835.jpg";"N"
"=""2101684533""";"=""882678""";"Borgo Pietrificato";"";"";"";"I Segreti di Strixhaven";"Rare";"";"NM";"Near Mint";"N";"";"";"3,00";"3,00";"1";"3,00";"https://www.cardmarket.com/it/Magic/Products/Singles/Secrets-of-Strixhaven/Petrified-Hamlet";"https://product-images.s3.cardmarket.com/1/SOS/882678/882678.jpg";"N"
"=""2101685108""";"=""882678""";"Borgo Pietrificato";"";"";"";"I Segreti di Strixhaven";"Rare";"";"NM";"Near Mint";"N";"";"";"0,90";"0,90";"1";"0,90";"https://www.cardmarket.com/it/Magic/Products/Singles/Secrets-of-Strixhaven/Petrified-Hamlet";"https://product-images.s3.cardmarket.com/1/SOS/882678/882678.jpg";"N"
"=""2101843896""";"=""882067""";"Catturare l'Attenzione";"";"";"";"I Segreti di Strixhaven";"Rare";"";"NM";"Near Mint";"N";"";"";"0,30";"0,30";"2";"0,60";"https://www.cardmarket.com/it/Magic/Products/Singles/Secrets-of-Strixhaven/Steal-the-Show";"https://product-images.s3.cardmarket.com/1/SOS/882067/882067.jpg";"N"
"=""2101708523""";"=""883053""";"Cercatore delle Terrevaste // Vincolare alla Vita";"";"";"";"I Segreti di Strixhaven";"Rare";"";"NM";"Near Mint";"N";"";"";"0,60";"0,60";"2";"1,20";"https://www.cardmarket.com/it/Magic/Products/Singles/Secrets-of-Strixhaven/Vastlands-Scavenger-Bind-to-Life";"https://product-images.s3.cardmarket.com/1/SOS/883053/883053.jpg";"N"
"=""2102913674""";"=""882670""";"Conducente del Volabus // Tutti a Bordo";"";"";"";"I Segreti di Strixhaven";"Rare";"";"NM";"Near Mint";"N";"";"";"0,20";"0,20";"1";"0,20";"https://www.cardmarket.com/it/Magic/Products/Singles/Secrets-of-Strixhaven/Skycoach-Conductor-All-Aboard";"https://product-images.s3.cardmarket.com/1/SOS/882670/882670.jpg";"N"
"=""2103094878""";"=""883037""";"Consiglio Confortante";"";"";"";"I Segreti di Strixhaven";"Rare";"";"NM";"Near Mint";"N";"";"";"0,20";"0,20";"2";"0,40";"https://www.cardmarket.com/it/Magic/Products/Singles/Secrets-of-Strixhaven/Comforting-Counsel";"https://product-images.s3.cardmarket.com/1/SOS/883037/883037.jpg";"N"
"=""2101680253""";"=""880500""";"Convocamaree da Esibizione";"";"";"";"I Segreti di Strixhaven";"Rare";"";"NM";"Near Mint";"N";"";"";"0,70";"0,70";"1";"0,70";"https://www.cardmarket.com/it/Magic/Products/Singles/Secrets-of-Strixhaven/Exhibition-Tidecaller";"https://product-images.s3.cardmarket.com/1/SOS/880500/880500.jpg";"N"
"=""2101709782""";"=""880508""";"Coronamento dell'Improvvisazione";"";"";"";"I Segreti di Strixhaven";"Mythic";"";"NM";"Near Mint";"N";"";"";"9,90";"9,90";"1";"9,90";"https://www.cardmarket.com/it/Magic/Products/Singles/Secrets-of-Strixhaven/Improvisation-Capstone";"https://product-images.s3.cardmarket.com/1/SOS/880508/880508.jpg";"N"
"=""2102914733""";"=""880546""";"Costa Scolpita dalle Tempeste";"";"";"";"I Segreti di Strixhaven";"Rare";"";"NM";"Near Mint";"N";"";"";"1,00";"1,00";"1";"1,00";"https://www.cardmarket.com/it/Magic/Products/Singles/Secrets-of-Strixhaven/Stormcarved-Coast";"https://product-images.s3.cardmarket.com/1/SOS/880546/880546.jpg";"N"
"=""2101673950""";"=""882092""";"Critica Traumatica";"";"";"";"I Segreti di Strixhaven";"Rare";"";"NM";"Near Mint";"N";"";"";"0,80";"0,80";"1";"0,80";"https://www.cardmarket.com/it/Magic/Products/Singles/Secrets-of-Strixhaven/Traumatic-Critique";"https://product-images.s3.cardmarket.com/1/SOS/882092/882092.jpg";"N"
"=""2080859658""";"=""882092""";"Critica Traumatica";"";"";"";"I Segreti di Strixhaven";"Rare";"";"NM";"Near Mint";"N";"";"";"1,20";"1,20";"1";"1,20";"https://www.cardmarket.com/it/Magic/Products/Singles/Secrets-of-Strixhaven/Traumatic-Critique";"https://product-images.s3.cardmarket.com/1/SOS/882092/882092.jpg";"N"
"=""2102912835""";"=""880509""";"Direttrice del Nucleo Fuso";"";"";"";"I Segreti di Strixhaven";"Rare";"";"NM";"Near Mint";"N";"";"";"0,50";"0,50";"1";"0,50";"https://www.cardmarket.com/it/Magic/Products/Singles/Secrets-of-Strixhaven/Molten-Core-Maestro";"https://product-images.s3.cardmarket.com/1/SOS/880509/880509.jpg";"N"
"=""2101685832""";"=""882986""";"Disperdere Essenza";"";"";"";"I Segreti di Strixhaven";"Common";"";"NM";"Near Mint";"N";"";"";"0,20";"0,20";"1";"0,20";"https://www.cardmarket.com/it/Magic/Products/Singles/Secrets-of-Strixhaven/Essence-Scatter";"https://product-images.s3.cardmarket.com/1/SOS/882986/882986.jpg";"N"
"=""2101679786""";"=""882986""";"Disperdere Essenza";"";"";"";"I Segreti di Strixhaven";"Common";"";"NM";"Near Mint";"N";"";"";"0,20";"0,20";"3";"0,60";"https://www.cardmarket.com/it/Magic/Products/Singles/Secrets-of-Strixhaven/Essence-Scatter";"https://product-images.s3.cardmarket.com/1/SOS/882986/882986.jpg";"N"
"=""2101818594""";"=""883016""";"Divoratore di Tragedie";"";"";"";"I Segreti di Strixhaven";"Rare";"";"GD";"Good";"N";"";"";"0,20";"0,20";"1";"0,20";"https://www.cardmarket.com/it/Magic/Products/Singles/Secrets-of-Strixhaven/Tragedy-Feaster";"https://product-images.s3.cardmarket.com/1/SOS/883016/883016.jpg";"N"
"=""2103097471""";"=""880515""";"Duellante del Conciliatore";"";"";"";"I Segreti di Strixhaven";"Rare";"";"NM";"Near Mint";"N";"";"";"0,20";"0,20";"1";"0,20";"https://www.cardmarket.com/it/Magic/Products/Singles/Secrets-of-Strixhaven/Conciliators-Duelist";"https://product-images.s3.cardmarket.com/1/SOS/880515/880515.jpg";"N"
"=""2101711000""";"=""883000""";"Emerita dell'Angoscia // Tutore Demoniaco";"";"";"";"I Segreti di Strixhaven";"Mythic";"";"NM";"Near Mint";"N";"";"";"13,90";"13,90";"1";"13,90";"https://www.cardmarket.com/it/Magic/Products/Singles/Secrets-of-Strixhaven/Emeritus-of-Woe-Demonic-Tutor";"https://product-images.s3.cardmarket.com/1/SOS/883000/883000.jpg";"N"
"=""2101711285""";"=""882860""";"Emerito della Tregua // Da Spade a Spighe!";"";"";"";"I Segreti di Strixhaven";"Mythic";"";"NM";"Near Mint";"N";"";"";"2,90";"2,90";"1";"2,90";"https://www.cardmarket.com/it/Magic/Products/Singles/Secrets-of-Strixhaven/Emeritus-of-Truce-Swords-to-Plowshares";"https://product-images.s3.cardmarket.com/1/SOS/882860/882860.jpg";"N"
"=""2101686915""";"=""882226""";"Equazione Divergente";"";"";"";"I Segreti di Strixhaven";"Uncommon";"";"NM";"Near Mint";"N";"";"";"0,20";"0,20";"1";"0,20";"https://www.cardmarket.com/it/Magic/Products/Singles/Secrets-of-Strixhaven/Divergent-Equation";"https://product-images.s3.cardmarket.com/1/SOS/882226/882226.jpg";"N"
"=""2101700540""";"=""880497""";"Giorno del Diploma";"";"";"";"I Segreti di Strixhaven";"Uncommon";"";"NM";"Near Mint";"N";"";"";"0,20";"0,20";"1";"0,20";"https://www.cardmarket.com/it/Magic/Products/Singles/Secrets-of-Strixhaven/Graduation-Day";"https://product-images.s3.cardmarket.com/1/SOS/880497/880497.jpg";"N"
"=""2101683518""";"=""881836""";"Grande Sala del Biblioplex";"";"";"";"I Segreti di Strixhaven";"Rare";"";"NM";"Near Mint";"N";"";"";"1,30";"1,30";"1";"1,30";"https://www.cardmarket.com/it/Magic/Products/Singles/Secrets-of-Strixhaven/Great-Hall-of-the-Biblioplex";"https://product-images.s3.cardmarket.com/1/SOS/881836/881836.jpg";"N"
"=""2103093837""";"=""882073""";"Ingegneria Planare";"";"";"";"I Segreti di Strixhaven";"Rare";"";"NM";"Near Mint";"N";"";"";"1,00";"1,00";"1";"1,00";"https://www.cardmarket.com/it/Magic/Products/Singles/Secrets-of-Strixhaven/Planar-Engineering";"https://product-images.s3.cardmarket.com/1/SOS/882073/882073.jpg";"N"
"=""2101707880""";"=""882228""";"Jadzi, Guardiana del Fato // Dono dell'Oracolo";"";"";"";"I Segreti di Strixhaven";"Rare";"";"NM";"Near Mint";"N";"";"";"0,40";"0,40";"1";"0,40";"https://www.cardmarket.com/it/Magic/Products/Singles/Secrets-of-Strixhaven/Jadzi-Steward-of-Fate-Oracles-Gift";"https://product-images.s3.cardmarket.com/1/SOS/882228/882228.jpg";"N"
"=""2101708310""";"=""882870""";"Linguargento Cospiratrice // Firmare col Sangue";"";"";"";"I Segreti di Strixhaven";"Rare";"";"NM";"Near Mint";"N";"";"";"1,00";"1,00";"1";"1,00";"https://www.cardmarket.com/it/Magic/Products/Singles/Secrets-of-Strixhaven/Scheming-Silvertongue-Sign-in-Blood";"https://product-images.s3.cardmarket.com/1/SOS/882870/882870.jpg";"N"
"=""2101706988""";"=""882087""";"Liuto Risonante";"";"";"";"I Segreti di Strixhaven";"Rare";"";"NM";"Near Mint";"N";"";"";"2,00";"2,00";"1";"2,00";"https://www.cardmarket.com/it/Magic/Products/Singles/Secrets-of-Strixhaven/Resonating-Lute";"https://product-images.s3.cardmarket.com/1/SOS/882087/882087.jpg";"N"
"=""2065858214""";"=""880506""";"Maledizione Deturpante";"";"";"";"I Segreti di Strixhaven";"Mythic";"";"NM";"Near Mint";"N";"";"";"2,00";"2,00";"1";"2,00";"https://www.cardmarket.com/it/Magic/Products/Singles/Secrets-of-Strixhaven/Withering-Curse";"https://product-images.s3.cardmarket.com/1/SOS/880506/880506.jpg";"N"
"=""2101709237""";"=""882035""";"Offensiva Perfezionata";"";"";"";"I Segreti di Strixhaven";"Rare";"";"NM";"Near Mint";"N";"";"";"1,00";"1,00";"1";"1,00";"https://www.cardmarket.com/it/Magic/Products/Singles/Secrets-of-Strixhaven/Practiced-Offense";"https://product-images.s3.cardmarket.com/1/SOS/882035/882035.jpg";"N"
"=""2101711542""";"=""880547""";"Passo del Tramonto";"";"";"";"I Segreti di Strixhaven";"Rare";"";"NM";"Near Mint";"N";"";"";"1,00";"1,00";"2";"2,00";"https://www.cardmarket.com/it/Magic/Products/Singles/Secrets-of-Strixhaven/Sundown-Pass";"https://product-images.s3.cardmarket.com/1/SOS/880547/880547.jpg";"N"
"=""2102914068""";"=""880534""";"Pennargento, il Disputante";"";"";"";"I Segreti di Strixhaven";"Mythic";"";"NM";"Near Mint";"N";"";"";"1,70";"1,70";"1";"1,70";"https://www.cardmarket.com/it/Magic/Products/Singles/Secrets-of-Strixhaven/Silverquill-the-Disputant";"https://product-images.s3.cardmarket.com/1/SOS/880534/880534.jpg";"N"
"=""2101705607""";"=""883011""";"Piaga Pestilenziale";"";"";"";"I Segreti di Strixhaven";"Rare";"";"NM";"Near Mint";"N";"";"";"0,40";"0,40";"1";"0,40";"https://www.cardmarket.com/it/Magic/Products/Singles/Secrets-of-Strixhaven/Pox-Plague";"https://product-images.s3.cardmarket.com/1/SOS/883011/883011.jpg";"N"
"=""2103093349""";"=""883010""";"Professore Post Mortem";"";"";"";"I Segreti di Strixhaven";"Rare";"";"NM";"Near Mint";"N";"";"";"0,20";"0,20";"1";"0,20";"https://www.cardmarket.com/it/Magic/Products/Singles/Secrets-of-Strixhaven/Postmortem-Professor";"https://product-images.s3.cardmarket.com/1/SOS/883010/883010.jpg";"N"
"=""2101707741""";"=""882085""";"Pterafrattale";"";"";"";"I Segreti di Strixhaven";"Common";"";"NM";"Near Mint";"N";"";"";"0,20";"0,20";"1";"0,20";"https://www.cardmarket.com/it/Magic/Products/Singles/Secrets-of-Strixhaven/Pterafractyl";"https://product-images.s3.cardmarket.com/1/SOS/882085/882085.jpg";"N"
"=""2101707362""";"=""883062""";"Radici Mentali";"";"";"";"I Segreti di Strixhaven";"Uncommon";"";"NM";"Near Mint";"N";"";"";"0,20";"0,20";"1";"0,20";"https://www.cardmarket.com/it/Magic/Products/Singles/Secrets-of-Strixhaven/Mind-Roots";"https://product-images.s3.cardmarket.com/1/SOS/883062/883062.jpg";"N"
"=""2101687134""";"=""881762""";"Reclamare il Bottino";"";"";"";"I Segreti di Strixhaven";"Common";"";"NM";"Near Mint";"N";"";"";"0,20";"0,20";"1";"0,20";"https://www.cardmarket.com/it/Magic/Products/Singles/Secrets-of-Strixhaven/Seize-the-Spoils";"https://product-images.s3.cardmarket.com/1/SOS/881762/881762.jpg";"N"
"=""2101683109""";"=""880503""";"Saggezza delle Ere";"";"";"";"I Segreti di Strixhaven";"Rare";"";"NM";"Near Mint";"N";"";"";"0,60";"0,60";"1";"0,60";"https://www.cardmarket.com/it/Magic/Products/Singles/Secrets-of-Strixhaven/Wisdom-of-Ages";"https://product-images.s3.cardmarket.com/1/SOS/880503/880503.jpg";"N"
"=""2101687535""";"=""880532""";"Sanar, Genio Incompiuto // Idea Selvaggia";"";"";"";"I Segreti di Strixhaven";"Uncommon";"";"NM";"Near Mint";"N";"";"";"0,40";"0,40";"2";"0,80";"https://www.cardmarket.com/it/Magic/Products/Singles/Secrets-of-Strixhaven/Sanar-Unfinished-Genius-Wild-Idea";"https://product-images.s3.cardmarket.com/1/SOS/880532/880532.jpg";"N"
"=""2101700335""";"=""880544""";"Santuario Frantumato";"";"";"";"I Segreti di Strixhaven";"Rare";"";"NM";"Near Mint";"N";"";"";"0,80";"0,80";"1";"0,80";"https://www.cardmarket.com/it/Magic/Products/Singles/Secrets-of-Strixhaven/Shattered-Sanctum";"https://product-images.s3.cardmarket.com/1/SOS/880544/880544.jpg";"N"
"=""2101633411""";"=""882047""";"Seguire il Flusso";"";"";"";"I Segreti di Strixhaven";"Uncommon";"";"NM";"Near Mint";"N";"";"";"2,90";"2,90";"1";"2,90";"https://www.cardmarket.com/it/Magic/Products/Singles/Secrets-of-Strixhaven/Flow-State";"https://product-images.s3.cardmarket.com/1/SOS/882047/882047.jpg";"N"
"=""2101706318""";"=""882031""";"Sogno a Occhi Aperti";"";"";"";"I Segreti di Strixhaven";"Uncommon";"";"NM";"Near Mint";"N";"";"";"0,20";"0,20";"2";"0,40";"https://www.cardmarket.com/it/Magic/Products/Singles/Secrets-of-Strixhaven/Daydream";"https://product-images.s3.cardmarket.com/1/SOS/882031/882031.jpg";"N"
"=""2102913349""";"=""880514""";"Stallone della Cromatempesta";"";"";"";"I Segreti di Strixhaven";"Rare";"";"NM";"Near Mint";"N";"";"";"0,40";"0,40";"1";"0,40";"https://www.cardmarket.com/it/Magic/Products/Singles/Secrets-of-Strixhaven/Colorstorm-Stallion";"https://product-images.s3.cardmarket.com/1/SOS/880514/880514.jpg";"N"
"=""2101686662""";"=""883029""";"Tavoletta della Scoperta";"";"";"";"I Segreti di Strixhaven";"Uncommon";"";"NM";"Near Mint";"N";"";"";"0,40";"0,40";"1";"0,40";"https://www.cardmarket.com/it/Magic/Products/Singles/Secrets-of-Strixhaven/Tablet-of-Discovery";"https://product-images.s3.cardmarket.com/1/SOS/883029/883029.jpg";"N"
"=""2101686714""";"=""883029""";"Tavoletta della Scoperta";"";"";"";"I Segreti di Strixhaven";"Uncommon";"";"NM";"Near Mint";"N";"";"";"1,00";"1,00";"1";"1,00";"https://www.cardmarket.com/it/Magic/Products/Singles/Secrets-of-Strixhaven/Tablet-of-Discovery";"https://product-images.s3.cardmarket.com/1/SOS/883029/883029.jpg";"N"
"=""2101709053""";"=""882088""";"Tecnica a Spruzzo";"";"";"";"I Segreti di Strixhaven";"Rare";"";"NM";"Near Mint";"N";"";"";"0,30";"0,30";"1";"0,30";"https://www.cardmarket.com/it/Magic/Products/Singles/Secrets-of-Strixhaven/Splatter-Technique";"https://product-images.s3.cardmarket.com/1/SOS/882088/882088.jpg";"N"
"=""2101708118""";"=""880332""";"Tutti per Uno";"";"";"";"I Segreti di Strixhaven";"Rare";"";"NM";"Near Mint";"N";"";"";"0,40";"0,40";"1";"0,40";"https://www.cardmarket.com/it/Magic/Products/Singles/Secrets-of-Strixhaven/Together-as-One";"https://product-images.s3.cardmarket.com/1/SOS/880332/880332.jpg";"N"
"=""2103095624""";"=""882703""";"Astrosguardo (V.1)";"V.1";"V.1";"";"I Segreti di Strixhaven: Archivio Mistico";"Uncommon";"";"NM";"Near Mint";"N";"";"";"0,20";"0,20";"1";"0,20";"https://www.cardmarket.com/it/Magic/Products/Singles/Secrets-of-Strixhaven-Mystical-Archive/Stargaze-V1";"https://product-images.s3.cardmarket.com/1/SOA/882703/882703.jpg";"N"
"=""2103095719""";"=""880705""";"Dedurre (V.1)";"V.1";"V.1";"";"I Segreti di Strixhaven: Archivio Mistico";"Uncommon";"";"NM";"Near Mint";"N";"";"";"0,20";"0,20";"1";"0,20";"https://www.cardmarket.com/it/Magic/Products/Singles/Secrets-of-Strixhaven-Mystical-Archive/Deduce-V1";"https://product-images.s3.cardmarket.com/1/SOA/880705/880705.jpg";"N"
"=""2101682386""";"=""880705""";"Dedurre (V.1)";"V.1";"V.1";"";"I Segreti di Strixhaven: Archivio Mistico";"Uncommon";"";"NM";"Near Mint";"N";"";"";"0,40";"0,40";"1";"0,40";"https://www.cardmarket.com/it/Magic/Products/Singles/Secrets-of-Strixhaven-Mystical-Archive/Deduce-V1";"https://product-images.s3.cardmarket.com/1/SOA/880705/880705.jpg";"N"
"=""2102909184""";"=""882687""";"Fai un Balzo (V.1)";"V.1";"V.1";"";"I Segreti di Strixhaven: Archivio Mistico";"Uncommon";"";"NM";"Near Mint";"N";"";"";"0,30";"0,30";"1";"0,30";"https://www.cardmarket.com/it/Magic/Products/Singles/Secrets-of-Strixhaven-Mystical-Archive/Hop-to-It-V1";"https://product-images.s3.cardmarket.com/1/SOA/882687/882687.jpg";"N"
"=""2103095523""";"=""882687""";"Fai un Balzo (V.1)";"V.1";"V.1";"";"I Segreti di Strixhaven: Archivio Mistico";"Uncommon";"";"NM";"Near Mint";"N";"";"";"0,20";"0,20";"1";"0,20";"https://www.cardmarket.com/it/Magic/Products/Singles/Secrets-of-Strixhaven-Mystical-Archive/Hop-to-It-V1";"https://product-images.s3.cardmarket.com/1/SOA/882687/882687.jpg";"N"
"=""2065855570""";"=""880708""";"Fare Scorta (V.1)";"V.1";"V.1";"";"I Segreti di Strixhaven: Archivio Mistico";"Uncommon";"";"NM";"Near Mint";"N";"";"";"1,10";"1,10";"2";"2,20";"https://www.cardmarket.com/it/Magic/Products/Singles/Secrets-of-Strixhaven-Mystical-Archive/Stock-Up-V1";"https://product-images.s3.cardmarket.com/1/SOA/880708/880708.jpg";"N"
"=""2101680463""";"=""880706""";"Fendente Sdegnoso (V.1)";"V.1";"V.1";"";"I Segreti di Strixhaven: Archivio Mistico";"Uncommon";"";"NM";"Near Mint";"N";"";"";"0,25";"0,25";"2";"0,50";"https://www.cardmarket.com/it/Magic/Products/Singles/Secrets-of-Strixhaven-Mystical-Archive/Disdainful-Stroke-V1";"https://product-images.s3.cardmarket.com/1/SOA/880706/880706.jpg";"N"
"=""2101683285""";"=""882708""";"Fulmine Dirompente (V.1)";"V.1";"V.1";"";"I Segreti di Strixhaven: Archivio Mistico";"Uncommon";"";"NM";"Near Mint";"N";"";"";"0,40";"0,40";"1";"0,40";"https://www.cardmarket.com/it/Magic/Products/Singles/Secrets-of-Strixhaven-Mystical-Archive/Burst-Lightning-V1";"https://product-images.s3.cardmarket.com/1/SOA/882708/882708.jpg";"N"
"=""2103091415""";"=""882711""";"Furia Mostruosa (V.1)";"V.1";"V.1";"";"I Segreti di Strixhaven: Archivio Mistico";"Uncommon";"";"NM";"Near Mint";"N";"";"";"0,10";"0,10";"1";"0,10";"https://www.cardmarket.com/it/Magic/Products/Singles/Secrets-of-Strixhaven-Mystical-Archive/Monstrous-Rage-V1";"https://product-images.s3.cardmarket.com/1/SOA/882711/882711.jpg";"N"
"=""2102915012""";"=""882711""";"Furia Mostruosa (V.1)";"V.1";"V.1";"";"I Segreti di Strixhaven: Archivio Mistico";"Uncommon";"";"NM";"Near Mint";"N";"";"";"0,20";"0,20";"1";"0,20";"https://www.cardmarket.com/it/Magic/Products/Singles/Secrets-of-Strixhaven-Mystical-Archive/Monstrous-Rage-V1";"https://product-images.s3.cardmarket.com/1/SOA/882711/882711.jpg";"N"
"=""2101680044""";"=""883090""";"Gioco di Prestigio (V.1)";"V.1";"V.1";"";"I Segreti di Strixhaven: Archivio Mistico";"Uncommon";"";"NM";"Near Mint";"N";"";"";"0,25";"0,25";"1";"0,25";"https://www.cardmarket.com/it/Magic/Products/Singles/Secrets-of-Strixhaven-Mystical-Archive/Sleight-of-Hand-V1";"https://product-images.s3.cardmarket.com/1/SOA/883090/883090.jpg";"N"
"=""2102908463""";"=""882718""";"Mandare al Tappeto (V.1)";"V.1";"V.1";"";"I Segreti di Strixhaven: Archivio Mistico";"Uncommon";"";"NM";"Near Mint";"N";"";"";"0,20";"0,20";"1";"0,20";"https://www.cardmarket.com/it/Magic/Products/Singles/Secrets-of-Strixhaven-Mystical-Archive/Knockout-Maneuver-V1";"https://product-images.s3.cardmarket.com/1/SOA/882718/882718.jpg";"N"
"=""2101708859""";"=""882686""";"Mano Amica (V.1)";"V.1";"V.1";"";"I Segreti di Strixhaven: Archivio Mistico";"Uncommon";"";"NM";"Near Mint";"N";"";"";"0,20";"0,20";"1";"0,20";"https://www.cardmarket.com/it/Magic/Products/Singles/Secrets-of-Strixhaven-Mystical-Archive/Helping-Hand-V1";"https://product-images.s3.cardmarket.com/1/SOA/882686/882686.jpg";"N"
"=""2101705476""";"=""882707""";"Mettere Su Massa (V.1)";"V.1";"V.1";"";"I Segreti di Strixhaven: Archivio Mistico";"Uncommon";"";"NM";"Near Mint";"N";"";"";"0,40";"0,40";"1";"0,40";"https://www.cardmarket.com/it/Magic/Products/Singles/Secrets-of-Strixhaven-Mystical-Archive/Bulk-Up-V1";"https://product-images.s3.cardmarket.com/1/SOA/882707/882707.jpg";"N"
"=""2103095126""";"=""882700""";"Nutrire lo Sciame (V.1)";"V.1";"V.1";"";"I Segreti di Strixhaven: Archivio Mistico";"Uncommon";"";"NM";"Near Mint";"N";"";"";"0,20";"0,20";"1";"0,20";"https://www.cardmarket.com/it/Magic/Products/Singles/Secrets-of-Strixhaven-Mystical-Archive/Feed-the-Swarm-V1";"https://product-images.s3.cardmarket.com/1/SOA/882700/882700.jpg";"N"
"=""2101707545""";"=""882722""";"Radici Condivise (V.1)";"V.1";"V.1";"";"I Segreti di Strixhaven: Archivio Mistico";"Uncommon";"";"NM";"Near Mint";"N";"";"";"0,20";"0,20";"2";"0,40";"https://www.cardmarket.com/it/Magic/Products/Singles/Secrets-of-Strixhaven-Mystical-Archive/Shared-Roots-V1";"https://product-images.s3.cardmarket.com/1/SOA/882722/882722.jpg";"N"
"=""2101685295""";"=""882713""";"Restituire il Favore (V.1)";"V.1";"V.1";"";"I Segreti di Strixhaven: Archivio Mistico";"Uncommon";"";"NM";"Near Mint";"N";"";"";"0,40";"0,40";"2";"0,80";"https://www.cardmarket.com/it/Magic/Products/Singles/Secrets-of-Strixhaven-Mystical-Archive/Return-the-Favor-V1";"https://product-images.s3.cardmarket.com/1/SOA/882713/882713.jpg";"N"
"=""2102911493""";"=""882719""";"Scegli il Tuo Veleno (V.1)";"V.1";"V.1";"";"I Segreti di Strixhaven: Archivio Mistico";"Uncommon";"";"NM";"Near Mint";"N";"";"";"0,20";"0,20";"1";"0,20";"https://www.cardmarket.com/it/Magic/Products/Singles/Secrets-of-Strixhaven-Mystical-Archive/Pick-Your-Poison-V1";"https://product-images.s3.cardmarket.com/1/SOA/882719/882719.jpg";"N"
"=""2101710353""";"=""882698""";"Sfoltire i Deboli (V.1)";"V.1";"V.1";"";"I Segreti di Strixhaven: Archivio Mistico";"Rare";"";"NM";"Near Mint";"N";"";"";"7,00";"7,00";"1";"7,00";"https://www.cardmarket.com/it/Magic/Products/Singles/Secrets-of-Strixhaven-Mystical-Archive/Culling-the-Weak-V1";"https://product-images.s3.cardmarket.com/1/SOA/882698/882698.jpg";"N"
"=""2101709389""";"=""880704""";"Sollievo (V.1)";"V.1";"V.1";"";"I Segreti di Strixhaven: Archivio Mistico";"Rare";"";"NM";"Near Mint";"N";"";"";"1,40";"1,40";"1";"1,40";"https://www.cardmarket.com/it/Magic/Products/Singles/Secrets-of-Strixhaven-Mystical-Archive/Reprieve-V1";"https://product-images.s3.cardmarket.com/1/SOA/880704/880704.jpg";"N"
"=""2080858658""";"=""880711""";"Subterranean Tremors (V.1)";"V.1";"V.1";"";"I Segreti di Strixhaven: Archivio Mistico";"Mythic";"";"NM";"Near Mint";"N";"";"";"1,40";"1,40";"1";"1,40";"https://www.cardmarket.com/it/Magic/Products/Singles/Secrets-of-Strixhaven-Mystical-Archive/Subterranean-Tremors-V1";"https://product-images.s3.cardmarket.com/1/SOA/880711/880711.jpg";"N"
"=""2101679462""";"=""882710""";"Svuotare i Cunicoli (V.1)";"V.1";"V.1";"";"I Segreti di Strixhaven: Archivio Mistico";"Rare";"";"NM";"Near Mint";"N";"";"";"0,40";"0,40";"1";"0,40";"https://www.cardmarket.com/it/Magic/Products/Singles/Secrets-of-Strixhaven-Mystical-Archive/Empty-the-Warrens-V1";"https://product-images.s3.cardmarket.com/1/SOA/882710/882710.jpg";"N"
"=""2101699830""";"=""882720""";"Trattamento Regale (V.1)";"V.1";"V.1";"";"I Segreti di Strixhaven: Archivio Mistico";"Uncommon";"";"NM";"Near Mint";"N";"";"";"0,20";"0,20";"1";"0,20";"https://www.cardmarket.com/it/Magic/Products/Singles/Secrets-of-Strixhaven-Mystical-Archive/Royal-Treatment-V1";"https://product-images.s3.cardmarket.com/1/SOA/882720/882720.jpg";"N"
"=""2101710041""";"=""883093""";"Trionfo dell'Orda (V.1)";"V.1";"V.1";"";"I Segreti di Strixhaven: Archivio Mistico";"Mythic";"";"NM";"Near Mint";"N";"";"";"10,90";"10,90";"1";"10,90";"https://www.cardmarket.com/it/Magic/Products/Singles/Secrets-of-Strixhaven-Mystical-Archive/Triumph-of-the-Hordes-V1";"https://product-images.s3.cardmarket.com/1/SOA/883093/883093.jpg";"N"
"=""2101705775""";"=""882704""";"Zombificare (V.1)";"V.1";"V.1";"";"I Segreti di Strixhaven: Archivio Mistico";"Uncommon";"";"NM";"Near Mint";"N";"";"";"0,40";"0,40";"1";"0,40";"https://www.cardmarket.com/it/Magic/Products/Singles/Secrets-of-Strixhaven-Mystical-Archive/Zombify-V1";"https://product-images.s3.cardmarket.com/1/SOA/882704/882704.jpg";"N"
"=""2101669568""";"=""880649""";"Quandrix, la Prova";"";"";"";"I Segreti di Strixhaven: Extras";"Mythic";"";"NM";"Near Mint";"N";"";"";"8,40";"8,40";"1";"8,40";"https://www.cardmarket.com/it/Magic/Products/Singles/Secrets-of-Strixhaven-Extras/Quandrix-the-Proof";"https://product-images.s3.cardmarket.com/1/XSOS/880649/880649.jpg";"N"
"=""2101710676""";"=""880680""";"Santuario Frantumato";"";"";"";"I Segreti di Strixhaven: Extras";"Rare";"";"NM";"Near Mint";"N";"";"";"2,00";"2,00";"1";"2,00";"https://www.cardmarket.com/it/Magic/Products/Singles/Secrets-of-Strixhaven-Extras/Shattered-Sanctum";"https://product-images.s3.cardmarket.com/1/XSOS/880680/880680.jpg";"N"
"=""2102864500""";"=""13135""";"Angelo della Disperazione";"";"";"";"Il Patto delle Gilde";"Rare";"";"EX";"Excellent";"N";"";"";"0,30";"0,30";"1";"0,30";"https://www.cardmarket.com/it/Magic/Products/Singles/Guildpact/Angel-of-Despair";"https://product-images.s3.cardmarket.com/1/GPT/13135/13135.jpg";"N"
"=""2101914879""";"=""13254""";"Assedio delle Torri";"";"";"";"Il Patto delle Gilde";"Rare";"";"EX";"Excellent";"N";"";"";"0,20";"0,20";"1";"0,20";"https://www.cardmarket.com/it/Magic/Products/Singles/Guildpact/Siege-of-Towers";"https://product-images.s3.cardmarket.com/1/GPT/13254/13254.jpg";"N"
"=""2102891205""";"=""13243""";"Bassifondi Inquieti";"";"";"";"Il Patto delle Gilde";"Rare";"";"NM";"Near Mint";"N";"";"";"0,20";"0,20";"1";"0,20";"https://www.cardmarket.com/it/Magic/Products/Singles/Guildpact/Rumbling-Slum";"https://product-images.s3.cardmarket.com/1/GPT/13243/13243.jpg";"N"
"=""2101738696""";"=""13143""";"Borborygmos";"";"";"";"Il Patto delle Gilde";"Rare";"";"EX";"Excellent";"N";"";"";"0,20";"0,20";"2";"0,40";"https://www.cardmarket.com/it/Magic/Products/Singles/Guildpact/Borborygmos";"https://product-images.s3.cardmarket.com/1/GPT/13143/13143.jpg";"N"
"=""2101751760""";"=""13205""";"Leyline del Fulmine";"";"";"";"Il Patto delle Gilde";"Rare";"";"EX";"Excellent";"N";"";"";"0,30";"0,30";"1";"0,30";"https://www.cardmarket.com/it/Magic/Products/Singles/Guildpact/Leyline-of-Lightning";"https://product-images.s3.cardmarket.com/1/GPT/13205/13205.jpg";"N"
"=""2101903678""";"=""13204""";"Leyline della Forza Vitale";"";"";"";"Il Patto delle Gilde";"Rare";"";"NM";"Near Mint";"N";"";"";"0,40";"0,40";"1";"0,40";"https://www.cardmarket.com/it/Magic/Products/Singles/Guildpact/Leyline-of-Lifeforce";"https://product-images.s3.cardmarket.com/1/GPT/13204/13204.jpg";"N"
"=""2102866663""";"=""13207""";"Leyline della Mitezza";"";"";"";"Il Patto delle Gilde";"Rare";"";"NM";"Near Mint";"N";"";"";"0,40";"0,40";"1";"0,40";"https://www.cardmarket.com/it/Magic/Products/Singles/Guildpact/Leyline-of-the-Meek";"https://product-images.s3.cardmarket.com/1/GPT/13207/13207.jpg";"N"
"=""2101839079""";"=""13163""";"Nephilim Dunecreato";"";"";"";"Il Patto delle Gilde";"Rare";"";"EX";"Excellent";"N";"";"";"0,30";"0,30";"2";"0,60";"https://www.cardmarket.com/it/Magic/Products/Singles/Guildpact/Dune-Brood-Nephilim";"https://product-images.s3.cardmarket.com/1/GPT/13163/13163.jpg";"N"
"=""2101743977""";"=""13179""";"Nephilim Occhiobrillante";"";"";"";"Il Patto delle Gilde";"Rare";"";"EX";"Excellent";"N";"";"";"0,20";"0,20";"1";"0,20";"https://www.cardmarket.com/it/Magic/Products/Singles/Guildpact/Glint-Eye-Nephilim";"https://product-images.s3.cardmarket.com/1/GPT/13179/13179.jpg";"N"
"=""2102866337""";"=""13295""";"Nephilim Riesumapassato";"";"";"";"Il Patto delle Gilde";"Rare";"";"EX";"Excellent";"N";"";"";"0,30";"0,30";"1";"0,30";"https://www.cardmarket.com/it/Magic/Products/Singles/Guildpact/Yore-Tiller-Nephilim";"https://product-images.s3.cardmarket.com/1/GPT/13295/13295.jpg";"N"
"=""2102892345""";"=""13196""";"Nephilim Sbaffainchiostro";"";"";"";"Il Patto delle Gilde";"Rare";"";"NM";"Near Mint";"N";"";"";"0,20";"0,20";"1";"0,20";"https://www.cardmarket.com/it/Magic/Products/Singles/Guildpact/Ink-Treader-Nephilim";"https://product-images.s3.cardmarket.com/1/GPT/13196/13196.jpg";"N"
"=""2101741853""";"=""13291""";"Nephilim Stregafauci";"";"";"";"Il Patto delle Gilde";"Rare";"";"NM";"Near Mint";"N";"";"";"0,40";"0,40";"1";"0,40";"https://www.cardmarket.com/it/Magic/Products/Singles/Guildpact/Witch-Maw-Nephilim";"https://product-images.s3.cardmarket.com/1/GPT/13291/13291.jpg";"N"
"=""2101836584""";"=""13245""";"Pretore Sanguinario";"";"";"";"Il Patto delle Gilde";"Rare";"";"EX";"Excellent";"N";"";"";"0,20";"0,20";"1";"0,20";"https://www.cardmarket.com/it/Magic/Products/Singles/Guildpact/Sanguine-Praetor";"https://product-images.s3.cardmarket.com/1/GPT/13245/13245.jpg";"N"
"=""2102895293""";"=""13155""";"Sole della Selezione";"";"";"";"Il Patto delle Gilde";"Rare";"";"EX";"Excellent";"N";"";"";"0,20";"0,20";"1";"0,20";"https://www.cardmarket.com/it/Magic/Products/Singles/Guildpact/Culling-Sun";"https://product-images.s3.cardmarket.com/1/GPT/13155/13155.jpg";"N"
"=""2101740143""";"=""13279""";"Tibor e Lumia";"";"";"";"Il Patto delle Gilde";"Rare";"";"EX";"Excellent";"N";"";"";"0,30";"0,30";"2";"0,60";"https://www.cardmarket.com/it/Magic/Products/Singles/Guildpact/Tibor-and-Lumia";"https://product-images.s3.cardmarket.com/1/GPT/13279/13279.jpg";"N"
"=""2101839700""";"=""13262""";"Vampira Scheletrica";"";"";"";"Il Patto delle Gilde";"Rare";"";"EX";"Excellent";"N";"";"";"0,20";"0,20";"1";"0,20";"https://www.cardmarket.com/it/Magic/Products/Singles/Guildpact/Skeletal-Vampire";"https://product-images.s3.cardmarket.com/1/GPT/13262/13262.jpg";"N"
"=""2101633087""";"=""716995""";"Ripristino degli Ent";"";"";"";"Il Signore degli Anelli: Racconti della Terra di Mezzo";"Uncommon";"";"NM";"Near Mint";"N";"";"";"1,30";"1,30";"2";"2,60";"https://www.cardmarket.com/it/Magic/Products/Singles/The-Lord-of-the-Rings-Tales-of-Middle-earth/Entish-Restoration";"https://product-images.s3.cardmarket.com/1/LTR/716995/716995.jpg";"N"
"=""2101938776""";"=""250549""";"Angelo della Schiera Alabastro";"";"";"";"Innistrad";"Rare";"";"EX";"Excellent";"N";"";"";"0,20";"0,20";"1";"0,20";"https://www.cardmarket.com/it/Magic/Products/Singles/Innistrad/Angel-of-Flight-Alabaster";"https://product-images.s3.cardmarket.com/1/ISD/250549/250549.jpg";"N"
"=""2102863356""";"=""250438""";"Mentore degli Umili";"";"";"";"Innistrad";"Rare";"";"NM";"Near Mint";"N";"";"";"0,20";"0,20";"1";"0,20";"https://www.cardmarket.com/it/Magic/Products/Singles/Innistrad/Mentor-of-the-Meek";"https://product-images.s3.cardmarket.com/1/ISD/250438/250438.jpg";"N"
"=""2101938836""";"=""250652""";"Monaca Rispettata dal Geist";"";"";"";"Innistrad";"Rare";"";"EX";"Excellent";"N";"";"";"0,20";"0,20";"2";"0,40";"https://www.cardmarket.com/it/Magic/Products/Singles/Innistrad/Geist-Honored-Monk";"https://product-images.s3.cardmarket.com/1/ISD/250652/250652.jpg";"N"
"=""2103089492""";"=""250704""";"Raccolto dell'Altare";"";"";"";"Innistrad";"Common";"";"NM";"Near Mint";"N";"";"";"0,10";"0,10";"1";"0,10";"https://www.cardmarket.com/it/Magic/Products/Singles/Innistrad/Altar-s-Reap";"https://product-images.s3.cardmarket.com/1/ISD/250704/250704.jpg";"N"
"=""2101895211""";"=""250398""";"Scherzo del Diavolo";"";"";"";"Innistrad";"Rare";"";"NM";"Near Mint";"N";"";"";"0,20";"0,20";"1";"0,20";"https://www.cardmarket.com/it/Magic/Products/Singles/Innistrad/Devil-s-Play";"https://product-images.s3.cardmarket.com/1/ISD/250398/250398.jpg";"N"
"=""2103085635""";"=""804993""";"Termo-Alchimista";"";"";"";"Innistrad Remastered";"Uncommon";"";"NM";"Near Mint";"N";"";"";"0,10";"0,10";"1";"0,10";"https://www.cardmarket.com/it/Magic/Products/Singles/Innistrad-Remastered/Thermo-Alchemist";"https://product-images.s3.cardmarket.com/1/INR/804993/804993.jpg";"N"
"=""2102897242""";"=""3545""";"Guardiano del Loto";"";"";"";"Invasione";"Rare";"";"NM";"Near Mint";"N";"";"";"2,00";"2,00";"1";"2,00";"https://www.cardmarket.com/it/Magic/Products/Singles/Invasion/Lotus-Guardian";"https://product-images.s3.cardmarket.com/1/INV/3545/3545.jpg";"N"
"=""2101890190""";"=""3577""";"Infiltrato di Phyrexia";"";"";"";"Invasione";"Rare";"";"NM";"Near Mint";"N";"";"";"0,40";"0,40";"1";"0,40";"https://www.cardmarket.com/it/Magic/Products/Singles/Invasion/Phyrexian-Infiltrator";"https://product-images.s3.cardmarket.com/1/INV/3577/3577.jpg";"N"
"=""2101918700""";"=""3723""";"Ira di Urza";"";"";"";"Invasione";"Rare";"";"EX";"Excellent";"N";"";"";"2,00";"2,00";"1";"2,00";"https://www.cardmarket.com/it/Magic/Products/Singles/Invasion/Urza-s-Rage";"https://product-images.s3.cardmarket.com/1/INV/3723/3723.jpg";"N"
"=""2101748626""";"=""3578""";"Lente di Phyrexia";"";"";"";"Invasione";"Rare";"";"NM";"Near Mint";"N";"";"";"1,50";"1,50";"1";"1,50";"https://www.cardmarket.com/it/Magic/Products/Singles/Invasion/Phyrexian-Lens";"https://product-images.s3.cardmarket.com/1/INV/3578/3578.jpg";"N"
"=""2101911881""";"=""3670""";"Maestra Tempestologa";"";"";"";"Invasione";"Rare";"";"EX";"Excellent";"N";"";"";"0,20";"0,20";"1";"0,20";"https://www.cardmarket.com/it/Magic/Products/Singles/Invasion/Stormscape-Master";"https://product-images.s3.cardmarket.com/1/INV/3670/3670.jpg";"N"
"=""2101902893""";"=""3693""";"Maestro Spinologo";"";"";"";"Invasione";"Rare";"";"EX";"Excellent";"N";"";"";"0,30";"0,30";"1";"0,30";"https://www.cardmarket.com/it/Magic/Products/Singles/Invasion/Thornscape-Master";"https://product-images.s3.cardmarket.com/1/INV/3693/3693.jpg";"N"
"=""2101890324""";"=""3563""";"Maestro Tenebrologo";"";"";"";"Invasione";"Rare";"";"NM";"Near Mint";"N";"";"";"0,30";"0,30";"1";"0,30";"https://www.cardmarket.com/it/Magic/Products/Singles/Invasion/Nightscape-Master";"https://product-images.s3.cardmarket.com/1/INV/3563/3563.jpg";"N"
"=""2101919148""";"=""3695""";"Maestro Tuonologo";"";"";"";"Invasione";"Rare";"";"EX";"Excellent";"N";"";"";"0,20";"0,20";"1";"0,20";"https://www.cardmarket.com/it/Magic/Products/Singles/Invasion/Thunderscape-Master";"https://product-images.s3.cardmarket.com/1/INV/3695/3695.jpg";"N"
"=""2102870123""";"=""3556""";"Molimo,Stregone Maro";"";"";"";"Invasione";"Rare";"";"NM";"Near Mint";"N";"";"";"0,50";"0,50";"1";"0,50";"https://www.cardmarket.com/it/Magic/Products/Singles/Invasion/Molimo-MaroSorcerer";"https://product-images.s3.cardmarket.com/1/INV/3556/3556.jpg";"N"
"=""2102897783""";"=""3689""";"Tek";"";"";"";"Invasione";"Rare";"";"NM";"Near Mint";"N";"";"";"1,00";"1,00";"1";"1,00";"https://www.cardmarket.com/it/Magic/Products/Singles/Invasion/Tek";"https://product-images.s3.cardmarket.com/1/INV/3689/3689.jpg";"N"
"=""2101911778""";"=""3434""";"Veggente Cieco";"";"";"";"Invasione";"Rare";"";"EX";"Excellent";"N";"";"";"0,20";"0,20";"1";"0,20";"https://www.cardmarket.com/it/Magic/Products/Singles/Invasion/Blind-Seer";"https://product-images.s3.cardmarket.com/1/INV/3434/3434.jpg";"N"
"=""2101928203""";"=""301203""";"Kopala, Custode delle Onde";"";"";"";"Ixalan";"Rare";"";"EX";"Excellent";"N";"";"";"0,20";"0,20";"1";"0,20";"https://www.cardmarket.com/it/Magic/Products/Singles/Ixalan/Kopala-Warden-of-Waves";"https://product-images.s3.cardmarket.com/1/XLN/301203/301203.jpg";"N"
"=""2103085423""";"=""796840""";"Jiang Yanggu, Plasmanatura";"";"";"";"Jumpstart di Fondamenti";"Uncommon";"";"NM";"Near Mint";"N";"";"";"0,20";"0,20";"1";"0,20";"https://www.cardmarket.com/it/Magic/Products/Singles/Foundations-Jumpstart/Jiang-Yanggu-Wildcrafter";"https://product-images.s3.cardmarket.com/1/J25/796840/796840.jpg";"N"
"=""2102867433""";"=""292593""";"Centro dell'Etere";"";"";"";"Kaladesh";"Uncommon";"";"EX";"Excellent";"N";"";"";"0,20";"0,20";"1";"0,20";"https://www.cardmarket.com/it/Magic/Products/Singles/Kaladesh/Aether-Hub";"https://product-images.s3.cardmarket.com/1/KLD/292593/292593.jpg";"N"
"=""2102867534""";"=""292593""";"Centro dell'Etere";"";"";"";"Kaladesh";"Uncommon";"";"NM";"Near Mint";"N";"";"";"0,20";"0,20";"2";"0,40";"https://www.cardmarket.com/it/Magic/Products/Singles/Kaladesh/Aether-Hub";"https://product-images.s3.cardmarket.com/1/KLD/292593/292593.jpg";"N"
"=""2101753134""";"=""292464""";"Gonti, Signore del Lusso";"";"";"";"Kaladesh";"Rare";"";"NM";"Near Mint";"N";"";"";"0,30";"0,30";"1";"0,30";"https://www.cardmarket.com/it/Magic/Products/Singles/Kaladesh/Gonti-Lord-of-Luxury";"https://product-images.s3.cardmarket.com/1/KLD/292464/292464.jpg";"N"
"=""2101741058""";"=""292549""";"Idra Irsuta";"";"";"";"Kaladesh";"Rare";"";"NM";"Near Mint";"N";"";"";"0,20";"0,20";"1";"0,20";"https://www.cardmarket.com/it/Magic/Products/Singles/Kaladesh/Bristling-Hydra";"https://product-images.s3.cardmarket.com/1/KLD/292549/292549.jpg";"N"
"=""2101741164""";"=""292549""";"Idra Irsuta";"";"";"";"Kaladesh";"Rare";"";"NM";"Near Mint";"N";"";"";"0,20";"0,20";"1";"0,20";"https://www.cardmarket.com/it/Magic/Products/Singles/Kaladesh/Bristling-Hydra";"https://product-images.s3.cardmarket.com/1/KLD/292549/292549.jpg";"N"
"=""2103076694""";"=""292763""";"Ispettore della Fonderia";"";"";"";"Kaladesh";"Uncommon";"";"NM";"Near Mint";"N";"";"";"0,20";"0,20";"3";"0,60";"https://www.cardmarket.com/it/Magic/Products/Singles/Kaladesh/Foundry-Inspector";"https://product-images.s3.cardmarket.com/1/KLD/292763/292763.jpg";"N"
"=""2101928792""";"=""292503""";"Maestria di Saheeli";"";"";"";"Kaladesh";"Rare";"";"EX";"Excellent";"N";"";"";"0,20";"0,20";"1";"0,20";"https://www.cardmarket.com/it/Magic/Products/Singles/Kaladesh/Saheeli-s-Artistry";"https://product-images.s3.cardmarket.com/1/KLD/292503/292503.jpg";"N"
"=""2101741435""";"=""292595""";"Sogni Più Sfrenati";"";"";"";"Kaladesh";"Rare";"";"NM";"Near Mint";"N";"";"";"0,20";"0,20";"1";"0,20";"https://www.cardmarket.com/it/Magic/Products/Singles/Kaladesh/Wildest-Dreams";"https://product-images.s3.cardmarket.com/1/KLD/292595/292595.jpg";"N"
"=""2101741576""";"=""292595""";"Sogni Più Sfrenati";"";"";"";"Kaladesh";"Rare";"";"NM";"Near Mint";"N";"";"";"0,20";"0,20";"2";"0,40";"https://www.cardmarket.com/it/Magic/Products/Singles/Kaladesh/Wildest-Dreams";"https://product-images.s3.cardmarket.com/1/KLD/292595/292595.jpg";"N"
"=""2103091953""";"=""607578""";"Sfondabanche degli Ineluttabili";"";"";"";"Kamigawa: Dinastia Neon";"Rare";"";"NM";"Near Mint";"N";"";"";"0,30";"0,30";"1";"0,30";"https://www.cardmarket.com/it/Magic/Products/Singles/Kamigawa-Neon-Dynasty/Reckoner-Bankbuster";"https://product-images.s3.cardmarket.com/1/NEO/607578/607578.jpg";"N"
"=""2103091664""";"=""607314""";"Stola del Leone";"";"";"";"Kamigawa: Dinastia Neon";"Rare";"";"NM";"Near Mint";"N";"";"";"1,30";"1,30";"1";"1,30";"https://www.cardmarket.com/it/Magic/Products/Singles/Kamigawa-Neon-Dynasty/Lion-Sash";"https://product-images.s3.cardmarket.com/1/NEO/607314/607314.jpg";"N"
"=""2103092062""";"=""607631""";"Kirin Nuvola d'Acciaio (V.1)";"V.1";"V.1";"";"Kamigawa: Dinastia Neon: Extras";"Rare";"";"NM";"Near Mint";"N";"";"";"0,30";"0,30";"1";"0,30";"https://www.cardmarket.com/it/Magic/Products/Singles/Kamigawa-Neon-Dynasty-Extras/Cloudsteel-Kirin-V1";"https://product-images.s3.cardmarket.com/1/XNEO/607631/607631.jpg";"N"
"=""2102874958""";"=""605032""";"Satoru Umezawa (V.1)";"V.1";"V.1";"";"Kamigawa: Dinastia Neon: Extras";"Rare";"";"NM";"Near Mint";"N";"";"";"0,50";"0,50";"1";"0,50";"https://www.cardmarket.com/it/Magic/Products/Singles/Kamigawa-Neon-Dynasty-Extras/Satoru-Umezawa-V1";"https://product-images.s3.cardmarket.com/1/XNEO/605032/605032.jpg";"N"
"=""2101817565""";"=""269146""";"Autorità Abzan";"";"";"";"Khans of Tarkir";"Rare";"";"EX";"Excellent";"N";"";"";"0,20";"0,20";"1";"0,20";"https://www.cardmarket.com/it/Magic/Products/Singles/Khans-of-Tarkir/Abzan-Ascendancy";"https://product-images.s3.cardmarket.com/1/KTK/269146/269146.jpg";"N"
"=""2101898546""";"=""269150""";"Gemelli dello Stile Draconico";"";"";"";"Khans of Tarkir";"Rare";"";"NM";"Near Mint";"N";"";"";"0,20";"0,20";"1";"0,20";"https://www.cardmarket.com/it/Magic/Products/Singles/Khans-of-Tarkir/Dragon-Style-Twins";"https://product-images.s3.cardmarket.com/1/KTK/269150/269150.jpg";"N"
"=""2103072696""";"=""269516""";"Ritorno alla Natura";"";"";"";"Khans of Tarkir";"Common";"";"NM";"Near Mint";"N";"";"";"0,10";"0,10";"2";"0,20";"https://www.cardmarket.com/it/Magic/Products/Singles/Khans-of-Tarkir/Naturalize";"https://product-images.s3.cardmarket.com/1/KTK/269516/269516.jpg";"N"
"=""2103085080""";"=""697782""";"Conca nella Giungla";"";"";"";"L’Avanzata delle Macchine";"Common";"";"NM";"Near Mint";"N";"";"";"0,10";"0,10";"1";"0,10";"https://www.cardmarket.com/it/Magic/Products/Singles/March-of-the-Machine/Jungle-Hollow";"https://product-images.s3.cardmarket.com/1/MOM/697782/697782.jpg";"N"
"=""2103087790""";"=""697786""";"Rupi di Rapidacque";"";"";"";"L’Avanzata delle Macchine";"Common";"";"NM";"Near Mint";"N";"";"";"0,10";"0,10";"1";"0,10";"https://www.cardmarket.com/it/Magic/Products/Singles/March-of-the-Machine/Swiftwater-Cliffs";"https://product-images.s3.cardmarket.com/1/MOM/697786/697786.jpg";"N"
"=""2102885476""";"=""864611""";"Anemoa, Matricola Eloquente";"";"";"";"L’Eclissi di Lorwyn";"Rare";"";"NM";"Near Mint";"N";"";"";"0,30";"0,30";"1";"0,30";"https://www.cardmarket.com/it/Magic/Products/Singles/Lorwyn-Eclipsed/Abigale-Eloquent-First-Year";"https://product-images.s3.cardmarket.com/1/ECL/864611/864611.jpg";"N"
"=""2102884335""";"=""865862""";"Assaggiatore di Merci";"";"";"";"L’Eclissi di Lorwyn";"Rare";"";"NM";"Near Mint";"N";"";"";"0,30";"0,30";"1";"0,30";"https://www.cardmarket.com/it/Magic/Products/Singles/Lorwyn-Eclipsed/Taster-of-Wares";"https://product-images.s3.cardmarket.com/1/ECL/865862/865862.jpg";"N"
"=""2103093961""";"=""865848""";"Collana di Brinifuoco";"";"";"";"L’Eclissi di Lorwyn";"Rare";"";"NM";"Near Mint";"N";"";"";"0,20";"0,20";"1";"0,20";"https://www.cardmarket.com/it/Magic/Products/Singles/Lorwyn-Eclipsed/Rimefire-Torque";"https://product-images.s3.cardmarket.com/1/ECL/865848/865848.jpg";"N"
"=""2102883945""";"=""862578""";"Comando di Cenerina";"";"";"";"L’Eclissi di Lorwyn";"Rare";"";"NM";"Near Mint";"N";"";"";"0,40";"0,40";"1";"0,40";"https://www.cardmarket.com/it/Magic/Products/Singles/Lorwyn-Eclipsed/Ashlings-Command";"https://product-images.s3.cardmarket.com/1/ECL/862578/862578.jpg";"N"
"=""2101938458""";"=""864583""";"Dissidente della Mano dell'Aurora";"";"";"";"L’Eclissi di Lorwyn";"Rare";"";"EX";"Excellent";"N";"";"";"0,30";"0,30";"1";"0,30";"https://www.cardmarket.com/it/Magic/Products/Singles/Lorwyn-Eclipsed/Dawnhand-Dissident";"https://product-images.s3.cardmarket.com/1/ECL/864583/864583.jpg";"N"
"=""2103089996""";"=""865148""";"Donamiraggi";"";"";"";"L’Eclissi di Lorwyn";"Uncommon";"";"NM";"Near Mint";"N";"";"";"0,10";"0,10";"3";"0,30";"https://www.cardmarket.com/it/Magic/Products/Singles/Lorwyn-Eclipsed/Glamer-Gifter";"https://product-images.s3.cardmarket.com/1/ECL/865148/865148.jpg";"N"
"=""2101690685""";"=""864586""";"Elfo dallo Scudo Ferreo";"";"";"";"L’Eclissi di Lorwyn";"Uncommon";"";"NM";"Near Mint";"N";"";"";"0,20";"0,20";"1";"0,20";"https://www.cardmarket.com/it/Magic/Products/Singles/Lorwyn-Eclipsed/Iron-Shield-Elf";"https://product-images.s3.cardmarket.com/1/ECL/864586/864586.jpg";"N"
"=""2103089673""";"=""864586""";"Elfo dallo Scudo Ferreo";"";"";"";"L’Eclissi di Lorwyn";"Uncommon";"";"NM";"Near Mint";"N";"";"";"0,10";"0,10";"2";"0,20";"https://www.cardmarket.com/it/Magic/Products/Singles/Lorwyn-Eclipsed/Iron-Shield-Elf";"https://product-images.s3.cardmarket.com/1/ECL/864586/864586.jpg";"N"
"=""2103094130""";"=""865868""";"Epifania della Fiamma Finale";"";"";"";"L’Eclissi di Lorwyn";"Rare";"";"NM";"Near Mint";"N";"";"";"0,20";"0,20";"1";"0,20";"https://www.cardmarket.com/it/Magic/Products/Singles/Lorwyn-Eclipsed/End-Blaze-Epiphany";"https://product-images.s3.cardmarket.com/1/ECL/865868/865868.jpg";"N"
"=""2103090180""";"=""865725""";"Errante Dormiente";"";"";"";"L’Eclissi di Lorwyn";"Rare";"";"NM";"Near Mint";"N";"";"";"0,20";"0,20";"2";"0,40";"https://www.cardmarket.com/it/Magic/Products/Singles/Lorwyn-Eclipsed/Slumbering-Walker";"https://product-images.s3.cardmarket.com/1/ECL/865725/865725.jpg";"N"
"=""2102912569""";"=""864597""";"Infuocare";"";"";"";"L’Eclissi di Lorwyn";"Uncommon";"";"NM";"Near Mint";"N";"";"";"0,30";"0,30";"1";"0,30";"https://www.cardmarket.com/it/Magic/Products/Singles/Lorwyn-Eclipsed/Sear";"https://product-images.s3.cardmarket.com/1/ECL/864597/864597.jpg";"N"
"=""2102885370""";"=""865159""";"Invito della Stirpe";"";"";"";"L’Eclissi di Lorwyn";"Rare";"";"NM";"Near Mint";"N";"";"";"0,90";"0,90";"1";"0,90";"https://www.cardmarket.com/it/Magic/Products/Singles/Lorwyn-Eclipsed/Bloodline-Bidding";"https://product-images.s3.cardmarket.com/1/ECL/865159/865159.jpg";"N"
"=""2102885033""";"=""864616""";"Kirol, Matricola Attenta";"";"";"";"L’Eclissi di Lorwyn";"Rare";"";"NM";"Near Mint";"N";"";"";"0,30";"0,30";"2";"0,60";"https://www.cardmarket.com/it/Magic/Products/Singles/Lorwyn-Eclipsed/Kirol-Attentive-First-Year";"https://product-images.s3.cardmarket.com/1/ECL/864616/864616.jpg";"N"
"=""2103098757""";"=""864567""";"Legame Parentale";"";"";"";"L’Eclissi di Lorwyn";"Rare";"";"NM";"Near Mint";"N";"";"";"0,30";"0,30";"1";"0,30";"https://www.cardmarket.com/it/Magic/Products/Singles/Lorwyn-Eclipsed/Kinbinding";"https://product-images.s3.cardmarket.com/1/ECL/864567/864567.jpg";"N"
"=""2101703595""";"=""864620""";"Leggitomi Vorace";"";"";"";"L’Eclissi di Lorwyn";"Uncommon";"";"NM";"Near Mint";"N";"";"";"0,20";"0,20";"1";"0,20";"https://www.cardmarket.com/it/Magic/Products/Singles/Lorwyn-Eclipsed/Voracious-Tome-Skimmer";"https://product-images.s3.cardmarket.com/1/ECL/864620/864620.jpg";"N"
"=""2101687783""";"=""865797""";"Lluwen, Naturalista Imperfetto";"";"";"";"L’Eclissi di Lorwyn";"Rare";"";"NM";"Near Mint";"N";"";"";"0,40";"0,40";"1";"0,40";"https://www.cardmarket.com/it/Magic/Products/Singles/Lorwyn-Eclipsed/Lluwen-Imperfect-Naturalist";"https://product-images.s3.cardmarket.com/1/ECL/865797/865797.jpg";"N"
"=""2102885999""";"=""865882""";"Muscoli e Cervello";"";"";"";"L’Eclissi di Lorwyn";"Rare";"";"NM";"Near Mint";"N";"";"";"0,20";"0,20";"1";"0,20";"https://www.cardmarket.com/it/Magic/Products/Singles/Lorwyn-Eclipsed/Spry-and-Mighty";"https://product-images.s3.cardmarket.com/1/ECL/865882/865882.jpg";"N"
"=""2102883808""";"=""864613""";"Navigatore della Via Profonda";"";"";"";"L’Eclissi di Lorwyn";"Rare";"";"NM";"Near Mint";"N";"";"";"0,30";"0,30";"2";"0,60";"https://www.cardmarket.com/it/Magic/Products/Singles/Lorwyn-Eclipsed/Deepway-Navigator";"https://product-images.s3.cardmarket.com/1/ECL/864613/864613.jpg";"N"
"=""2102911802""";"=""865803""";"Nucleo di Firdoch";"";"";"";"L’Eclissi di Lorwyn";"Common";"";"NM";"Near Mint";"N";"";"";"0,20";"0,20";"4";"0,80";"https://www.cardmarket.com/it/Magic/Products/Singles/Lorwyn-Eclipsed/Firdoch-Core";"https://product-images.s3.cardmarket.com/1/ECL/865803/865803.jpg";"N"
"=""2101635037""";"=""862575""";"Oratore Formidabile";"";"";"";"L’Eclissi di Lorwyn";"Rare";"";"NM";"Near Mint";"N";"";"";"14,50";"14,50";"1";"14,50";"https://www.cardmarket.com/it/Magic/Products/Singles/Lorwyn-Eclipsed/Formidable-Speaker";"https://product-images.s3.cardmarket.com/1/ECL/862575/862575.jpg";"N"
"=""2103094802""";"=""865831""";"Plasmacqua Esperta";"";"";"";"L’Eclissi di Lorwyn";"Rare";"";"NM";"Near Mint";"N";"";"";"0,30";"0,30";"1";"0,30";"https://www.cardmarket.com/it/Magic/Products/Singles/Lorwyn-Eclipsed/Adept-Watershaper";"https://product-images.s3.cardmarket.com/1/ECL/865831/865831.jpg";"N"
"=""2102885834""";"=""864569""";"Rhys, l'Eterno";"";"";"";"L’Eclissi di Lorwyn";"Rare";"";"NM";"Near Mint";"N";"";"";"0,20";"0,20";"2";"0,40";"https://www.cardmarket.com/it/Magic/Products/Singles/Lorwyn-Eclipsed/Rhys-the-Evermore";"https://product-images.s3.cardmarket.com/1/ECL/864569/864569.jpg";"N"
"=""2101636230""";"=""864599""";"Risvegliatore dell'Aurora";"";"";"";"L’Eclissi di Lorwyn";"Mythic";"";"NM";"Near Mint";"N";"";"";"1,70";"1,70";"1";"1,70";"https://www.cardmarket.com/it/Magic/Products/Singles/Lorwyn-Eclipsed/Aurora-Awakener";"https://product-images.s3.cardmarket.com/1/ECL/864599/864599.jpg";"N"
"=""2103098483""";"=""864572""";"Sabotatrice delle Correnti";"";"";"";"L’Eclissi di Lorwyn";"Rare";"";"NM";"Near Mint";"N";"";"";"0,20";"0,20";"1";"0,20";"https://www.cardmarket.com/it/Magic/Products/Singles/Lorwyn-Eclipsed/Disruptor-of-Currents";"https://product-images.s3.cardmarket.com/1/ECL/864572/864572.jpg";"N"
"=""2102912447""";"=""864595""";"Saltalava";"";"";"";"L’Eclissi di Lorwyn";"Rare";"";"NM";"Near Mint";"N";"";"";"0,20";"0,20";"1";"0,20";"https://www.cardmarket.com/it/Magic/Products/Singles/Lorwyn-Eclipsed/Lavaleaper";"https://product-images.s3.cardmarket.com/1/ECL/864595/864595.jpg";"N"
"=""2102885266""";"=""865872""";"Sciacallo di Scozzaschiena";"";"";"";"L’Eclissi di Lorwyn";"Rare";"";"NM";"Near Mint";"N";"";"";"0,30";"0,30";"1";"0,30";"https://www.cardmarket.com/it/Magic/Products/Singles/Lorwyn-Eclipsed/Scuzzback-Scrounger";"https://product-images.s3.cardmarket.com/1/ECL/865872/865872.jpg";"N"
"=""2103089776""";"=""865164""";"Sortilegio Punitivo";"";"";"";"L’Eclissi di Lorwyn";"Uncommon";"";"NM";"Near Mint";"N";"";"";"0,70";"0,70";"2";"1,40";"https://www.cardmarket.com/it/Magic/Products/Singles/Lorwyn-Eclipsed/Requiting-Hex";"https://product-images.s3.cardmarket.com/1/ECL/865164/865164.jpg";"N"
"=""2102884457""";"=""864571""";"Spulatura";"";"";"";"L’Eclissi di Lorwyn";"Rare";"";"NM";"Near Mint";"N";"";"";"0,30";"0,30";"2";"0,60";"https://www.cardmarket.com/it/Magic/Products/Singles/Lorwyn-Eclipsed/Winnowing";"https://product-images.s3.cardmarket.com/1/ECL/864571/864571.jpg";"N"
"=""2102885618""";"=""862569""";"Sygg, Saggezza di Vino Errante // Sygg, Scudo di Brina Errante";"";"";"";"L’Eclissi di Lorwyn";"Rare";"";"NM";"Near Mint";"N";"";"";"0,30";"0,30";"2";"0,60";"https://www.cardmarket.com/it/Magic/Products/Singles/Lorwyn-Eclipsed/Sygg-Wanderwine-Wisdom-Sygg-Wanderbrine-Shield";"https://product-images.s3.cardmarket.com/1/ECL/862569/862569.jpg";"N"
"=""2102884902""";"=""865802""";"Tam, Matricola Consapevole";"";"";"";"L’Eclissi di Lorwyn";"Rare";"";"NM";"Near Mint";"N";"";"";"0,30";"0,30";"1";"0,30";"https://www.cardmarket.com/it/Magic/Products/Singles/Lorwyn-Eclipsed/Tam-Mindful-First-Year";"https://product-images.s3.cardmarket.com/1/ECL/865802/865802.jpg";"N"
"=""2103098186""";"=""864579""";"Trappola per Magie";"";"";"";"L’Eclissi di Lorwyn";"Uncommon";"";"NM";"Near Mint";"N";"";"";"0,50";"0,50";"1";"0,50";"https://www.cardmarket.com/it/Magic/Products/Singles/Lorwyn-Eclipsed/Spell-Snare";"https://product-images.s3.cardmarket.com/1/ECL/864579/864579.jpg";"N"
"=""2102884235""";"=""864608""";"Trystan, Coltivatore Insensibile // Trystan, Sterminatore Penitente";"";"";"";"L’Eclissi di Lorwyn";"Rare";"";"NM";"Near Mint";"N";"";"";"0,30";"0,30";"2";"0,60";"https://www.cardmarket.com/it/Magic/Products/Singles/Lorwyn-Eclipsed/Trystan-Callous-Cultivator-Trystan-Penitent-Culler";"https://product-images.s3.cardmarket.com/1/ECL/864608/864608.jpg";"N"
"=""2102885152""";"=""865790""";"Vivaio di Alberelli";"";"";"";"L’Eclissi di Lorwyn";"Rare";"";"NM";"Near Mint";"N";"";"";"1,00";"1,00";"1";"1,00";"https://www.cardmarket.com/it/Magic/Products/Singles/Lorwyn-Eclipsed/Sapling-Nursery";"https://product-images.s3.cardmarket.com/1/ECL/865790/865790.jpg";"N"
"=""2101939167""";"=""261337""";"Anziano di Zhur-Taa";"";"";"";"Labirinto del Drago";"Rare";"";"NM";"Near Mint";"N";"";"";"0,20";"0,20";"1";"0,20";"https://www.cardmarket.com/it/Magic/Products/Singles/Dragons-Maze/Zhur-Taa-Ancient";"https://product-images.s3.cardmarket.com/1/DGM/261337/261337.jpg";"N"
"=""2102896042""";"=""261425""";"Carne // Sangue";"";"";"";"Labirinto del Drago";"Rare";"";"NM";"Near Mint";"N";"";"";"0,20";"0,20";"1";"0,20";"https://www.cardmarket.com/it/Magic/Products/Singles/Dragons-Maze/Flesh-Blood";"https://product-images.s3.cardmarket.com/1/DGM/261425/261425.jpg";"N"
"=""2101939724""";"=""261497""";"Dragomorfosi";"";"";"";"Labirinto del Drago";"Rare";"";"EX";"Excellent";"N";"";"";"0,20";"0,20";"1";"0,20";"https://www.cardmarket.com/it/Magic/Products/Singles/Dragons-Maze/Dragonshift";"https://product-images.s3.cardmarket.com/1/DGM/261497/261497.jpg";"N"
"=""2101743417""";"=""261354""";"Mirko Vosk, Suggimente";"";"";"";"Labirinto del Drago";"Rare";"";"NM";"Near Mint";"N";"";"";"0,60";"0,60";"1";"0,60";"https://www.cardmarket.com/it/Magic/Products/Singles/Dragons-Maze/Mirko-Vosk-Mind-Drinker";"https://product-images.s3.cardmarket.com/1/DGM/261354/261354.jpg";"N"
"=""2102891063""";"=""261552""";"Plasmacattura";"";"";"";"Labirinto del Drago";"Rare";"";"NM";"Near Mint";"N";"";"";"0,20";"0,20";"1";"0,20";"https://www.cardmarket.com/it/Magic/Products/Singles/Dragons-Maze/Plasm-Capture";"https://product-images.s3.cardmarket.com/1/DGM/261552/261552.jpg";"N"
"=""2101907920""";"=""261529""";"Sferzavolatili";"";"";"";"Labirinto del Drago";"Rare";"";"NM";"Near Mint";"N";"";"";"0,20";"0,20";"1";"0,20";"https://www.cardmarket.com/it/Magic/Products/Singles/Dragons-Maze/Skylasher";"https://product-images.s3.cardmarket.com/1/DGM/261529/261529.jpg";"N"
"=""2102893223""";"=""261352""";"Spezzare // Irrompere";"";"";"";"Labirinto del Drago";"Rare";"";"NM";"Near Mint";"N";"";"";"0,20";"0,20";"3";"0,60";"https://www.cardmarket.com/it/Magic/Products/Singles/Dragons-Maze/Breaking-Entering";"https://product-images.s3.cardmarket.com/1/DGM/261352/261352.jpg";"N"
"=""2102870371""";"=""261430""";"Tempesta di Possibilità";"";"";"";"Labirinto del Drago";"Rare";"";"NM";"Near Mint";"N";"";"";"0,60";"0,60";"1";"0,60";"https://www.cardmarket.com/it/Magic/Products/Singles/Dragons-Maze/Possibility-Storm";"https://product-images.s3.cardmarket.com/1/DGM/261430/261430.jpg";"N"
"=""2101742301""";"=""261233""";"Vorel del Clade del Carapace";"";"";"";"Labirinto del Drago";"Rare";"";"NM";"Near Mint";"N";"";"";"0,40";"0,40";"1";"0,40";"https://www.cardmarket.com/it/Magic/Products/Singles/Dragons-Maze/Vorel-of-the-Hull-Clade";"https://product-images.s3.cardmarket.com/1/DGM/261233/261233.jpg";"N"
"=""2103075568""";"=""19220""";"Ritrovamento di Fossili";"";"";"";"Landa Tenebrosa";"Uncommon";"";"NM";"Near Mint";"N";"";"";"0,10";"0,10";"1";"0,10";"https://www.cardmarket.com/it/Magic/Products/Singles/Shadowmoor/Fossil-Find";"https://product-images.s3.cardmarket.com/1/SHM/19220/19220.jpg";"N"
"=""2101837405""";"=""19216""";"Vassallo Zanna di Cinghiale";"";"";"";"Landa Tenebrosa";"Rare";"";"NM";"Near Mint";"N";"";"";"0,90";"0,90";"1";"0,90";"https://www.cardmarket.com/it/Magic/Products/Singles/Shadowmoor/Boartusk-Liege";"https://product-images.s3.cardmarket.com/1/SHM/19216/19216.jpg";"N"
"=""2103073752""";"=""743010""";"Gnomo del Mercato";"";"";"";"Le Caverne Perdute di Ixalan";"Uncommon";"";"NM";"Near Mint";"N";"";"";"0,20";"0,20";"3";"0,60";"https://www.cardmarket.com/it/Magic/Products/Singles/The-Lost-Caverns-of-Ixalan/Market-Gnome";"https://product-images.s3.cardmarket.com/1/LCI/743010/743010.jpg";"N"
"=""2103078277""";"=""743008""";"Mano Amica";"";"";"";"Le Caverne Perdute di Ixalan";"Uncommon";"";"NM";"Near Mint";"N";"";"";"0,10";"0,10";"3";"0,30";"https://www.cardmarket.com/it/Magic/Products/Singles/The-Lost-Caverns-of-Ixalan/Helping-Hand";"https://product-images.s3.cardmarket.com/1/LCI/743008/743008.jpg";"N"
"=""2103084849""";"=""660966""";"Sapiente di Candlekeep";"";"";"";"Leggende di Commander: Battaglia per Baldur’s Gate: Extras";"Common";"";"NM";"Near Mint";"N";"";"";"0,20";"0,20";"1";"0,20";"https://www.cardmarket.com/it/Magic/Products/Singles/Commander-Legends-Battle-for-Baldurs-Gate-Extras/Candlekeep-Sage";"https://product-images.s3.cardmarket.com/1/XCLB/660966/660966.jpg";"N"
"=""2101852077""";"=""1987""";"Custode del Portale Celeste";"";"";"";"Legioni";"Rare";"";"NM";"Near Mint";"N";"";"";"0,50";"0,50";"1";"0,50";"https://www.cardmarket.com/it/Magic/Products/Singles/Legions/Celestial-Gatekeeper";"https://product-images.s3.cardmarket.com/1/LGN/1987/1987.jpg";"N"
"=""2101930617""";"=""2016""";"Dermoplasma";"";"";"";"Legioni";"Rare";"";"NM";"Near Mint";"N";"";"";"0,20";"0,20";"1";"0,20";"https://www.cardmarket.com/it/Magic/Products/Singles/Legions/Dermoplasm";"https://product-images.s3.cardmarket.com/1/LGN/2016/2016.jpg";"N"
"=""2101922084""";"=""2085""";"Drago Pirofauce";"";"";"";"Legioni";"Rare";"";"EX";"Excellent";"N";"";"";"0,30";"0,30";"1";"0,30";"https://www.cardmarket.com/it/Magic/Products/Singles/Legions/Kilnmouth-Dragon";"https://product-images.s3.cardmarket.com/1/LGN/2085/2085.jpg";"N"
"=""2101930486""";"=""2023""";"Guardiano dei Nove Venti";"";"";"";"Legioni";"Rare";"";"NM";"Near Mint";"N";"";"";"3,40";"3,40";"1";"3,40";"https://www.cardmarket.com/it/Magic/Products/Singles/Legions/Keeper-of-the-Nine-Gales";"https://product-images.s3.cardmarket.com/1/LGN/2023/2023.jpg";"N"
"=""2101930254""";"=""2017""";"Musa Onirigena";"";"";"";"Legioni";"Rare";"";"NM";"Near Mint";"N";"";"";"0,90";"0,90";"1";"0,90";"https://www.cardmarket.com/it/Magic/Products/Singles/Legions/Dreamborn-Muse";"https://product-images.s3.cardmarket.com/1/LGN/2017/2017.jpg";"N"
"=""2101909568""";"=""2086""";"Musa Pirogena";"";"";"";"Legioni";"Rare";"";"EX";"Excellent";"N";"";"";"1,20";"1,20";"1";"1,20";"https://www.cardmarket.com/it/Magic/Products/Singles/Legions/Lavaborn-Muse";"https://product-images.s3.cardmarket.com/1/LGN/2086/2086.jpg";"N"
"=""2101887090""";"=""2054""";"Musa Sepolcrogena";"";"";"";"Legioni";"Rare";"";"EX";"Excellent";"N";"";"";"24,00";"24,00";"1";"24,00";"https://www.cardmarket.com/it/Magic/Products/Singles/Legions/Graveborn-Muse";"https://product-images.s3.cardmarket.com/1/LGN/2054/2054.jpg";"N"
"=""2101893231""";"=""2084""";"Nibbio Infernale Imperiale";"";"";"";"Legioni";"Rare";"";"EX";"Excellent";"N";"";"";"0,40";"0,40";"1";"0,40";"https://www.cardmarket.com/it/Magic/Products/Singles/Legions/Imperial-Hellkite";"https://product-images.s3.cardmarket.com/1/LGN/2084/2084.jpg";"N"
"=""2101930145""";"=""2031""";"Rettore della Marea";"";"";"";"Legioni";"Rare";"";"EX";"Excellent";"N";"";"";"0,30";"0,30";"1";"0,30";"https://www.cardmarket.com/it/Magic/Products/Singles/Legions/Riptide-Director";"https://product-images.s3.cardmarket.com/1/LGN/2031/2031.jpg";"N"
"=""2101903469""";"=""2116""";"Sussurratore Primordiale";"";"";"";"Legioni";"Rare";"";"NM";"Near Mint";"N";"";"";"0,20";"0,20";"1";"0,20";"https://www.cardmarket.com/it/Magic/Products/Singles/Legions/Primal-Whisperer";"https://product-images.s3.cardmarket.com/1/LGN/2116/2116.jpg";"N"
"=""2101929948""";"=""2038""";"Tessitore di Menzogne";"";"";"";"Legioni";"Rare";"";"EX";"Excellent";"N";"";"";"0,20";"0,20";"1";"0,20";"https://www.cardmarket.com/it/Magic/Products/Singles/Legions/Weaver-of-Lies";"https://product-images.s3.cardmarket.com/1/LGN/2038/2038.jpg";"N"
"=""2101930048""";"=""2028""";"Ultimus Nebbiforme";"";"";"";"Legioni";"Rare";"";"EX";"Excellent";"N";"";"";"0,20";"0,20";"1";"0,20";"https://www.cardmarket.com/it/Magic/Products/Singles/Legions/Mistform-Ultimus";"https://product-images.s3.cardmarket.com/1/LGN/2028/2028.jpg";"N"
"=""2101739472""";"=""12783""";"Fiamme Imperiture";"";"";"";"Liberatori di Kamigawa";"Rare";"";"EX";"Excellent";"N";"";"";"0,40";"0,40";"1";"0,40";"https://www.cardmarket.com/it/Magic/Products/Singles/Saviors-of-Kamigawa/Undying-Flames";"https://product-images.s3.cardmarket.com/1/SOK/12783/12783.jpg";"N"
"=""2102892533""";"=""12683""";"Iname Come Unico";"";"";"";"Liberatori di Kamigawa";"Rare";"";"NM";"Near Mint";"N";"";"";"0,40";"0,40";"1";"0,40";"https://www.cardmarket.com/it/Magic/Products/Singles/Saviors-of-Kamigawa/Iname-as-One";"https://product-images.s3.cardmarket.com/1/SOK/12683/12683.jpg";"N"
"=""2101928680""";"=""12695""";"Kami della Luna Crescente";"";"";"";"Liberatori di Kamigawa";"Rare";"";"EX";"Excellent";"N";"";"";"0,50";"0,50";"1";"0,50";"https://www.cardmarket.com/it/Magic/Products/Singles/Saviors-of-Kamigawa/Kami-of-the-Crescent-Moon";"https://product-images.s3.cardmarket.com/1/SOK/12695/12695.jpg";"N"
"=""2101894549""";"=""12769""";"Kirin Bruciacielo";"";"";"";"Liberatori di Kamigawa";"Rare";"";"EX";"Excellent";"N";"";"";"0,30";"0,30";"1";"0,30";"https://www.cardmarket.com/it/Magic/Products/Singles/Saviors-of-Kamigawa/Skyfire-Kirin";"https://product-images.s3.cardmarket.com/1/SOK/12769/12769.jpg";"N"
"=""2101916653""";"=""12636""";"Kirin Celestiale";"";"";"";"Liberatori di Kamigawa";"Rare";"";"EX";"Excellent";"N";"";"";"0,20";"0,20";"1";"0,20";"https://www.cardmarket.com/it/Magic/Products/Singles/Saviors-of-Kamigawa/Celestial-Kirin";"https://product-images.s3.cardmarket.com/1/SOK/12636/12636.jpg";"N"
"=""2101876100""";"=""12684""";"Kirin Infernale";"";"";"";"Liberatori di Kamigawa";"Rare";"";"NM";"Near Mint";"N";"";"";"0,40";"0,40";"1";"0,40";"https://www.cardmarket.com/it/Magic/Products/Singles/Saviors-of-Kamigawa/Infernal-Kirin";"https://product-images.s3.cardmarket.com/1/SOK/12684/12684.jpg";"N"
"=""2101867445""";"=""12632""";"Kirin Munifico";"";"";"";"Liberatori di Kamigawa";"Rare";"";"NM";"Near Mint";"N";"";"";"0,20";"0,20";"1";"0,20";"https://www.cardmarket.com/it/Magic/Products/Singles/Saviors-of-Kamigawa/Bounteous-Kirin";"https://product-images.s3.cardmarket.com/1/SOK/12632/12632.jpg";"N"
"=""2101916245""";"=""12639""";"Kirin Zampanube";"";"";"";"Liberatori di Kamigawa";"Rare";"";"EX";"Excellent";"N";"";"";"0,20";"0,20";"1";"0,20";"https://www.cardmarket.com/it/Magic/Products/Singles/Saviors-of-Kamigawa/Cloudhoof-Kirin";"https://product-images.s3.cardmarket.com/1/SOK/12639/12639.jpg";"N"
"=""2101828646""";"=""12759""";"Sekki, Guida delle Stagioni";"";"";"";"Liberatori di Kamigawa";"Rare";"";"NM";"Near Mint";"N";"";"";"0,90";"0,90";"1";"0,90";"https://www.cardmarket.com/it/Magic/Products/Singles/Saviors-of-Kamigawa/Sekki-Seasons-Guide";"https://product-images.s3.cardmarket.com/1/SOK/12759/12759.jpg";"N"
"=""2101835315""";"=""12757""";"Seminare la Terra";"";"";"";"Liberatori di Kamigawa";"Rare";"";"NM";"Near Mint";"N";"";"";"0,70";"0,70";"1";"0,70";"https://www.cardmarket.com/it/Magic/Products/Singles/Saviors-of-Kamigawa/Seed-the-Land";"https://product-images.s3.cardmarket.com/1/SOK/12757/12757.jpg";"N"
"=""2103076895""";"=""18018""";"Boschetto Iridescente";"";"";"";"Lorwyn";"Uncommon";"";"NM";"Near Mint";"N";"";"";"0,20";"0,20";"1";"0,20";"https://www.cardmarket.com/it/Magic/Products/Singles/Lorwyn/Vivid-Grove";"https://product-images.s3.cardmarket.com/1/LRW/18018/18018.jpg";"N"
"=""2101712442""";"=""17840""";"Pioppo Nero Sciamano";"";"";"";"Lorwyn";"Common";"";"NM";"Near Mint";"N";"";"";"0,10";"0,10";"1";"0,10";"https://www.cardmarket.com/it/Magic/Products/Singles/Lorwyn/Black-Poplar-Shaman";"https://product-images.s3.cardmarket.com/1/LRW/17840/17840.jpg";"N"
"=""2101829768""";"=""17933""";"Sovrano dell'Alba";"";"";"";"Lorwyn";"Rare";"";"NM";"Near Mint";"N";"";"";"0,20";"0,20";"1";"0,20";"https://www.cardmarket.com/it/Magic/Products/Singles/Lorwyn/Sunrise-Sovereign";"https://product-images.s3.cardmarket.com/1/LRW/17933/17933.jpg";"N"
"=""2101868698""";"=""17861""";"Stregone degli Astragali";"";"";"";"Lorwyn";"Rare";"";"NM";"Near Mint";"N";"";"";"0,60";"0,60";"1";"0,60";"https://www.cardmarket.com/it/Magic/Products/Singles/Lorwyn/Knucklebone-Witch";"https://product-images.s3.cardmarket.com/1/LRW/17861/17861.jpg";"N"
"=""2102865251""";"=""17992""";"Sygg, Guida Fluviale";"";"";"";"Lorwyn";"Rare";"";"EX";"Excellent";"N";"";"";"0,20";"0,20";"1";"0,20";"https://www.cardmarket.com/it/Magic/Products/Singles/Lorwyn/Sygg-River-Guide";"https://product-images.s3.cardmarket.com/1/LRW/17992/17992.jpg";"N"
"=""2101821714""";"=""18005""";"Vetro Geminato";"";"";"";"Lorwyn";"Rare";"";"EX";"Excellent";"N";"";"";"0,20";"0,20";"1";"0,20";"https://www.cardmarket.com/it/Magic/Products/Singles/Lorwyn/Twinning-Glass";"https://product-images.s3.cardmarket.com/1/LRW/18005/18005.jpg";"N"
"=""2101827721""";"=""291158""";"Diavoli Impetuosi";"";"";"";"Luna Spettrale";"Rare";"";"NM";"Near Mint";"N";"";"";"0,20";"0,20";"2";"0,40";"https://www.cardmarket.com/it/Magic/Products/Singles/Eldritch-Moon/Impetuous-Devils";"https://product-images.s3.cardmarket.com/1/EMN/291158/291158.jpg";"N"
"=""2101822997""";"=""291068""";"Ira di Nahiri";"";"";"";"Luna Spettrale";"Mythic";"";"NM";"Near Mint";"N";"";"";"0,50";"0,50";"1";"0,50";"https://www.cardmarket.com/it/Magic/Products/Singles/Eldritch-Moon/Nahiri-s-Wrath";"https://product-images.s3.cardmarket.com/1/EMN/291068/291068.jpg";"N"
"=""2101822631""";"=""290927""";"Lancieri di Thalia";"";"";"";"Luna Spettrale";"Rare";"";"NM";"Near Mint";"N";"";"";"0,40";"0,40";"1";"0,40";"https://www.cardmarket.com/it/Magic/Products/Singles/Eldritch-Moon/Thalia-s-Lancers";"https://product-images.s3.cardmarket.com/1/EMN/290927/290927.jpg";"N"
"=""2101874590""";"=""290957""";"Orda del Cimitero dei Cappi";"";"";"";"Luna Spettrale";"Rare";"";"NM";"Near Mint";"N";"";"";"0,20";"0,20";"1";"0,20";"https://www.cardmarket.com/it/Magic/Products/Singles/Eldritch-Moon/Noosegraf-Mob";"https://product-images.s3.cardmarket.com/1/EMN/290957/290957.jpg";"N"
"=""2101837637""";"=""290962""";"Sacerdotessa della Sala del Sangue";"";"";"";"Luna Spettrale";"Rare";"";"NM";"Near Mint";"N";"";"";"0,20";"0,20";"1";"0,20";"https://www.cardmarket.com/it/Magic/Products/Singles/Eldritch-Moon/Bloodhall-Priest";"https://product-images.s3.cardmarket.com/1/EMN/290962/290962.jpg";"N"
"=""2101894879""";"=""291057""";"Sfida Collettiva";"";"";"";"Luna Spettrale";"Rare";"";"NM";"Near Mint";"N";"";"";"0,20";"0,20";"1";"0,20";"https://www.cardmarket.com/it/Magic/Products/Singles/Eldritch-Moon/Collective-Defiance";"https://product-images.s3.cardmarket.com/1/EMN/291057/291057.jpg";"N"
"=""2101840926""";"=""291097""";"Sforzo Collettivo";"";"";"";"Luna Spettrale";"Rare";"";"NM";"Near Mint";"N";"";"";"0,30";"0,30";"1";"0,30";"https://www.cardmarket.com/it/Magic/Products/Singles/Eldritch-Moon/Collective-Effort";"https://product-images.s3.cardmarket.com/1/EMN/291097/291097.jpg";"N"
"=""2101855167""";"=""21059""";"Guardiana Serafina";"";"";"";"Magic 2010";"Rare";"";"NM";"Near Mint";"N";"";"";"0,40";"0,40";"1";"0,40";"https://www.cardmarket.com/it/Magic/Products/Singles/Magic-2010/Guardian-Seraph";"https://product-images.s3.cardmarket.com/1/M10/21059/21059.jpg";"N"
"=""2101928563""";"=""21108""";"Sovrana dei Tritoni";"";"";"";"Magic 2010";"Rare";"";"EX";"Excellent";"N";"";"";"0,30";"0,30";"1";"0,30";"https://www.cardmarket.com/it/Magic/Products/Singles/Magic-2010/Merfolk-Sovereign";"https://product-images.s3.cardmarket.com/1/M10/21108/21108.jpg";"N"
"=""2101938334""";"=""247990""";"Gelolampo";"";"";"";"Magic 2012";"Uncommon";"";"EX";"Excellent";"N";"";"";"0,20";"0,20";"2";"0,40";"https://www.cardmarket.com/it/Magic/Products/Singles/Magic-2012/Flashfreeze";"https://product-images.s3.cardmarket.com/1/M12/247990/247990.jpg";"N"
"=""2102902658""";"=""248001""";"Trono degli Imperi";"";"";"";"Magic 2012";"Rare";"";"EX";"Excellent";"N";"";"";"0,20";"0,20";"1";"0,20";"https://www.cardmarket.com/it/Magic/Products/Singles/Magic-2012/Throne-of-Empires";"https://product-images.s3.cardmarket.com/1/M12/248001/248001.jpg";"N"
"=""2101928363""";"=""256661""";"Talrand, Evocatore Celeste";"";"";"";"Magic 2013";"Rare";"";"EX";"Excellent";"N";"";"";"0,30";"0,30";"1";"0,30";"https://www.cardmarket.com/it/Magic/Products/Singles/Magic-2013/Talrand-Sky-Summoner";"https://product-images.s3.cardmarket.com/1/M13/256661/256661.jpg";"N"
"=""2103077975""";"=""262921""";"Pietra da Macina Magica";"";"";"";"Magic 2014";"Uncommon";"";"NM";"Near Mint";"N";"";"";"0,20";"0,20";"2";"0,40";"https://www.cardmarket.com/it/Magic/Products/Singles/Magic-2014/Millstone";"https://product-images.s3.cardmarket.com/1/M14/262921/262921.jpg";"N"
"=""2102863037""";"=""267607""";"Avacyn, Angelo Custode";"";"";"";"Magic 2015";"Rare";"";"NM";"Near Mint";"N";"";"";"0,80";"0,80";"1";"0,80";"https://www.cardmarket.com/it/Magic/Products/Singles/Magic-2015/Avacyn-Guardian-Angel";"https://product-images.s3.cardmarket.com/1/M15/267607/267607.jpg";"N"
"=""2103069832""";"=""267878""";"Naturalezza";"";"";"";"Magic 2015";"Uncommon";"";"NM";"Near Mint";"N";"";"";"0,20";"0,20";"1";"0,20";"https://www.cardmarket.com/it/Magic/Products/Singles/Magic-2015/Back-to-Nature";"https://product-images.s3.cardmarket.com/1/M15/267878/267878.jpg";"N"
"=""2103069204""";"=""283624""";"Bruco Caustico";"";"";"";"Magic Origins";"Common";"";"NM";"Near Mint";"N";"";"";"0,10";"0,10";"1";"0,10";"https://www.cardmarket.com/it/Magic/Products/Singles/Magic-Origins/Caustic-Caterpillar";"https://product-images.s3.cardmarket.com/1/ORI/283624/283624.jpg";"N"
"=""2101872327""";"=""283548""";"Depredatore di Anime";"";"";"";"Magic Origins";"Rare";"";"NM";"Near Mint";"N";"";"";"0,20";"0,20";"1";"0,20";"https://www.cardmarket.com/it/Magic/Products/Singles/Magic-Origins/Despoiler-of-Souls";"https://product-images.s3.cardmarket.com/1/ORI/283548/283548.jpg";"N"
"=""2101857409""";"=""283546""";"Falange di Gideon";"";"";"";"Magic Origins";"Rare";"";"NM";"Near Mint";"N";"";"";"0,20";"0,20";"1";"0,20";"https://www.cardmarket.com/it/Magic/Products/Singles/Magic-Origins/Gideon-s-Phalanx";"https://product-images.s3.cardmarket.com/1/ORI/283546/283546.jpg";"N"
"=""2103089048""";"=""283615""";"Frantumare";"";"";"";"Magic Origins";"Common";"";"NM";"Near Mint";"N";"";"";"0,10";"0,10";"1";"0,10";"https://www.cardmarket.com/it/Magic/Products/Singles/Magic-Origins/Demolish";"https://product-images.s3.cardmarket.com/1/ORI/283615/283615.jpg";"N"
"=""2101740424""";"=""283517""";"Infernale Bracifauce";"";"";"";"Magic Origins";"Rare";"";"NM";"Near Mint";"N";"";"";"0,40";"0,40";"4";"1,60";"https://www.cardmarket.com/it/Magic/Products/Singles/Magic-Origins/Embermaw-Hellion";"https://product-images.s3.cardmarket.com/1/ORI/283517/283517.jpg";"N"
"=""2101857200""";"=""283379""";"Irregolari di Kytheon";"";"";"";"Magic Origins";"Rare";"";"NM";"Near Mint";"N";"";"";"0,20";"0,20";"1";"0,20";"https://www.cardmarket.com/it/Magic/Products/Singles/Magic-Origins/Kytheon-s-Irregulars";"https://product-images.s3.cardmarket.com/1/ORI/283379/283379.jpg";"N"
"=""2101744785""";"=""283494""";"Rete di Totteri Spia";"";"";"";"Magic Origins";"Rare";"";"EX";"Excellent";"N";"";"";"0,50";"0,50";"1";"0,50";"https://www.cardmarket.com/it/Magic/Products/Singles/Magic-Origins/Thopter-Spy-Network";"https://product-images.s3.cardmarket.com/1/ORI/283494/283494.jpg";"N"
"=""2101907221""";"=""283511""";"Risveglio dell'Animista";"";"";"";"Magic Origins";"Rare";"";"NM";"Near Mint";"N";"";"";"0,40";"0,40";"1";"0,40";"https://www.cardmarket.com/it/Magic/Products/Singles/Magic-Origins/Animist-s-Awakening";"https://product-images.s3.cardmarket.com/1/ORI/283511/283511.jpg";"N"
"=""2103078774""";"=""283367""";"Scontro di Volontà";"";"";"";"Magic Origins";"Uncommon";"";"NM";"Near Mint";"N";"";"";"0,10";"0,10";"1";"0,10";"https://www.cardmarket.com/it/Magic/Products/Singles/Magic-Origins/Clash-of-Wills";"https://product-images.s3.cardmarket.com/1/ORI/283367/283367.jpg";"N"
"=""2113522578""";"=""891548""";"Arco di Occhio di Falco";"";"";"";"Marvel Super Heroes";"Common";"";"NM";"Near Mint";"N";"";"";"0,80";"0,80";"12";"9,60";"https://www.cardmarket.com/it/Magic/Products/Singles/Magic-The-Gathering-Marvel-Super-Heroes/Hawkeyes-Bow";"https://product-images.s3.cardmarket.com/1/MSH/891548/891548.jpg";"N"
"=""2113522169""";"=""891517""";"Kid Loki";"";"";"";"Marvel Super Heroes";"Uncommon";"";"NM";"Near Mint";"N";"";"";"0,30";"0,30";"8";"2,40";"https://www.cardmarket.com/it/Magic/Products/Singles/Magic-The-Gathering-Marvel-Super-Heroes/Kid-Loki";"https://product-images.s3.cardmarket.com/1/MSH/891517/891517.jpg";"N"
"=""2113522307""";"=""891517""";"Kid Loki";"";"";"";"Marvel Super Heroes";"Uncommon";"";"NM";"Near Mint";"N";"";"";"0,60";"0,60";"8";"4,80";"https://www.cardmarket.com/it/Magic/Products/Singles/Magic-The-Gathering-Marvel-Super-Heroes/Kid-Loki";"https://product-images.s3.cardmarket.com/1/MSH/891517/891517.jpg";"N"
"=""2113520830""";"=""891563""";"Lancio del Furgone";"";"";"";"Marvel Super Heroes";"Uncommon";"";"NM";"Near Mint";"N";"";"";"0,50";"0,50";"8";"4,00";"https://www.cardmarket.com/it/Magic/Products/Singles/Magic-The-Gathering-Marvel-Super-Heroes/Truck-Toss";"https://product-images.s3.cardmarket.com/1/MSH/891563/891563.jpg";"N"
"=""2116272993""";"=""886603""";"Quicksilver, Scatto Sfacciato";"";"";"";"Marvel Super Heroes";"Rare";"";"NM";"Near Mint";"N";"";"";"1,20";"1,20";"3";"3,60";"https://www.cardmarket.com/it/Magic/Products/Singles/Magic-The-Gathering-Marvel-Super-Heroes/Quicksilver-Brash-Blur";"https://product-images.s3.cardmarket.com/1/MSH/886603/886603.jpg";"N"
"=""2113519954""";"=""890589""";"Reattore Arc";"";"";"";"Marvel Super Heroes";"Rare";"";"NM";"Near Mint";"N";"";"";"1,20";"1,20";"3";"3,60";"https://www.cardmarket.com/it/Magic/Products/Singles/Magic-The-Gathering-Marvel-Super-Heroes/Arc-Reactor";"https://product-images.s3.cardmarket.com/1/MSH/890589/890589.jpg";"N"
"=""2113521562""";"=""890553""";"Shuri, Inventrice Wakandiana";"";"";"";"Marvel Super Heroes";"Uncommon";"";"NM";"Near Mint";"N";"";"";"0,50";"0,50";"12";"6,00";"https://www.cardmarket.com/it/Magic/Products/Singles/Magic-The-Gathering-Marvel-Super-Heroes/Shuri-Wakandan-Inventor";"https://product-images.s3.cardmarket.com/1/MSH/890553/890553.jpg";"N"
"=""2113521798""";"=""890553""";"Shuri, Inventrice Wakandiana";"";"";"";"Marvel Super Heroes";"Uncommon";"";"NM";"Near Mint";"N";"";"";"1,10";"1,10";"4";"4,40";"https://www.cardmarket.com/it/Magic/Products/Singles/Magic-The-Gathering-Marvel-Super-Heroes/Shuri-Wakandan-Inventor";"https://product-images.s3.cardmarket.com/1/MSH/890553/890553.jpg";"N"
"=""2113521214""";"=""891562""";"Strategie di Squadra";"";"";"";"Marvel Super Heroes";"Uncommon";"";"NM";"Near Mint";"N";"";"";"0,50";"0,50";"8";"4,00";"https://www.cardmarket.com/it/Magic/Products/Singles/Magic-The-Gathering-Marvel-Super-Heroes/Team-Tactics";"https://product-images.s3.cardmarket.com/1/MSH/891562/891562.jpg";"N"
"=""2113523113""";"=""891187""";"Nick Fury, Agente dello S.H.I.E.L.D.";"";"";"";"Marvel Super Heroes: Extras";"Rare";"";"NM";"Near Mint";"N";"";"";"1,90";"1,90";"3";"5,70";"https://www.cardmarket.com/it/Magic/Products/Singles/Marvel-Super-Heroes-Extras/Nick-Fury-Agent-of-SHIELD";"https://product-images.s3.cardmarket.com/1/XMSH/891187/891187.jpg";"N"
"=""2113523184""";"=""891187""";"Nick Fury, Agente dello S.H.I.E.L.D.";"";"";"";"Marvel Super Heroes: Extras";"Rare";"";"NM";"Near Mint";"N";"";"";"5,50";"5,50";"1";"5,50";"https://www.cardmarket.com/it/Magic/Products/Singles/Marvel-Super-Heroes-Extras/Nick-Fury-Agent-of-SHIELD";"https://product-images.s3.cardmarket.com/1/XMSH/891187/891187.jpg";"N"
"=""2102887672""";"=""845931""";"Agente Venom";"";"";"";"Marvel's Spider-Man";"Rare";"";"NM";"Near Mint";"N";"";"";"0,30";"0,30";"1";"0,30";"https://www.cardmarket.com/it/Magic/Products/Singles/Magic-The-Gathering-Marvels-Spider-Man/Agent-Venom";"https://product-images.s3.cardmarket.com/1/SPM/845931/845931.jpg";"N"
"=""2101936506""";"=""847072""";"Arachne, Tessitrice Psionica";"";"";"";"Marvel's Spider-Man";"Rare";"";"NM";"Near Mint";"N";"";"";"0,20";"0,20";"1";"0,20";"https://www.cardmarket.com/it/Magic/Products/Singles/Magic-The-Gathering-Marvels-Spider-Man/Arachne-Psionic-Weaver";"https://product-images.s3.cardmarket.com/1/SPM/847072/847072.jpg";"N"
"=""2101936442""";"=""846660""";"Determinazione Incrollabile";"";"";"";"Marvel's Spider-Man";"Rare";"";"NM";"Near Mint";"N";"";"";"0,20";"0,20";"1";"0,20";"https://www.cardmarket.com/it/Magic/Products/Singles/Magic-The-Gathering-Marvels-Spider-Man/Strength-of-Will";"https://product-images.s3.cardmarket.com/1/SPM/846660/846660.jpg";"N"
"=""2102886317""";"=""846635""";"Lady Octopus, Inventrice Ispirata";"";"";"";"Marvel's Spider-Man";"Rare";"";"NM";"Near Mint";"N";"";"";"0,60";"0,60";"1";"0,60";"https://www.cardmarket.com/it/Magic/Products/Singles/Magic-The-Gathering-Marvels-Spider-Man/Lady-Octopus-Inspired-Inventor";"https://product-images.s3.cardmarket.com/1/SPM/846635/846635.jpg";"N"
"=""2101936572""";"=""846674""";"Macchia, Portale Vivente";"";"";"";"Marvel's Spider-Man";"Rare";"";"NM";"Near Mint";"N";"";"";"0,20";"0,20";"1";"0,20";"https://www.cardmarket.com/it/Magic/Products/Singles/Magic-The-Gathering-Marvels-Spider-Man/The-Spot-Living-Portal";"https://product-images.s3.cardmarket.com/1/SPM/846674/846674.jpg";"N"
"=""2101936910""";"=""846672""";"Manifestazione Ragno";"";"";"";"Marvel's Spider-Man";"Common";"";"NM";"Near Mint";"N";"";"";"0,20";"0,20";"2";"0,40";"https://www.cardmarket.com/it/Magic/Products/Singles/Magic-The-Gathering-Marvels-Spider-Man/Spider-Manifestation";"https://product-images.s3.cardmarket.com/1/SPM/846672/846672.jpg";"N"
"=""2101932797""";"=""839529""";"Origine di Spider-Man";"";"";"";"Marvel's Spider-Man";"Rare";"";"NM";"Near Mint";"N";"";"";"0,20";"0,20";"1";"0,20";"https://www.cardmarket.com/it/Magic/Products/Singles/Magic-The-Gathering-Marvels-Spider-Man/Origin-of-Spider-Man";"https://product-images.s3.cardmarket.com/1/SPM/839529/839529.jpg";"N"
"=""2101934213""";"=""846658""";"Ragno Radioattivo";"";"";"";"Marvel's Spider-Man";"Rare";"";"NM";"Near Mint";"N";"";"";"0,20";"0,20";"1";"0,20";"https://www.cardmarket.com/it/Magic/Products/Singles/Magic-The-Gathering-Marvels-Spider-Man/Radioactive-Spider";"https://product-images.s3.cardmarket.com/1/SPM/846658/846658.jpg";"N"
"=""2101934570""";"=""847084""";"Silk, tisseuse de toile";"";"";"";"Marvel's Spider-Man";"Rare";"";"NM";"Near Mint";"N";"";"";"0,70";"0,70";"1";"0,70";"https://www.cardmarket.com/it/Magic/Products/Singles/Magic-The-Gathering-Marvels-Spider-Man/Silk-Web-Weaver";"https://product-images.s3.cardmarket.com/1/SPM/847084/847084.jpg";"N"
"=""2102915557""";"=""845855""";"Ultimate Green Goblin";"";"";"";"Marvel's Spider-Man";"Rare";"";"NM";"Near Mint";"N";"";"";"0,20";"0,20";"1";"0,20";"https://www.cardmarket.com/it/Magic/Products/Singles/Magic-The-Gathering-Marvels-Spider-Man/Ultimate-Green-Goblin";"https://product-images.s3.cardmarket.com/1/SPM/845855/845855.jpg";"N"
"=""2102886182""";"=""846695""";"La Morte di Gwen Stacy";"";"";"";"Marvel's Spider-Man: Extras";"Rare";"";"NM";"Near Mint";"N";"";"";"2,00";"2,00";"1";"2,00";"https://www.cardmarket.com/it/Magic/Products/Singles/Magic-The-Gathering-Marvels-Spider-Man-Extras/The-Death-of-Gwen-Stacy";"https://product-images.s3.cardmarket.com/1/XSPM/846695/846695.jpg";"N"
"=""2101934382""";"=""847071""";"Silk, tisseuse de toile";"";"";"";"Marvel's Spider-Man: Extras";"Rare";"";"NM";"Near Mint";"N";"";"";"1,00";"1,00";"1";"1,00";"https://www.cardmarket.com/it/Magic/Products/Singles/Magic-The-Gathering-Marvels-Spider-Man-Extras/Silk-Web-Weaver";"https://product-images.s3.cardmarket.com/1/XSPM/847071/847071.jpg";"N"
"=""2102886810""";"=""839635""";"Spider-Man Noir";"";"";"";"Marvel's Spider-Man: Extras";"Uncommon";"";"NM";"Near Mint";"N";"";"";"1,00";"1,00";"1";"1,00";"https://www.cardmarket.com/it/Magic/Products/Singles/Magic-The-Gathering-Marvels-Spider-Man-Extras/Spider-Man-Noir";"https://product-images.s3.cardmarket.com/1/XSPM/839635/839635.jpg";"N"
"=""2101889337""";"=""11523""";"Assassino Famigerato";"";"";"";"Maschere di Mercadia";"Rare";"";"NM";"Near Mint";"N";"";"";"0,40";"0,40";"1";"0,40";"https://www.cardmarket.com/it/Magic/Products/Singles/Mercadian-Masques/Notorious-Assassin";"https://product-images.s3.cardmarket.com/1/MMQ/11523/11523.jpg";"N"
"=""2101927276""";"=""11667""";"Occhio di Ramos";"";"";"";"Maschere di Mercadia";"Rare";"";"EX";"Excellent";"N";"";"";"0,50";"0,50";"1";"0,50";"https://www.cardmarket.com/it/Magic/Products/Singles/Mercadian-Masques/Eye-of-Ramos";"https://product-images.s3.cardmarket.com/1/MMQ/11667/11667.jpg";"N"
"=""2101917929""";"=""11558""";"Sauro dei Crepacci";"";"";"";"Maschere di Mercadia";"Rare";"";"NM";"Near Mint";"N";"";"";"0,40";"0,40";"1";"0,40";"https://www.cardmarket.com/it/Magic/Products/Singles/Mercadian-Masques/Crag-Saurian";"https://product-images.s3.cardmarket.com/1/MMQ/11558/11558.jpg";"N"
"=""2101902164""";"=""11608""";"Sgombrare la Terra";"";"";"";"Maschere di Mercadia";"Rare";"";"NM";"Near Mint";"N";"";"";"0,20";"0,20";"1";"0,20";"https://www.cardmarket.com/it/Magic/Products/Singles/Mercadian-Masques/Clear-the-Land";"https://product-images.s3.cardmarket.com/1/MMQ/11608/11608.jpg";"N"
"=""2103088573""";"=""11624""";"Troll Cornuto";"";"";"";"Maschere di Mercadia";"Common";"";"NM";"Near Mint";"N";"";"";"0,10";"0,10";"1";"0,10";"https://www.cardmarket.com/it/Magic/Products/Singles/Mercadian-Masques/Horned-Troll";"https://product-images.s3.cardmarket.com/1/MMQ/11624/11624.jpg";"N"
"=""2101911445""";"=""11462""";"Usurpatrice";"";"";"";"Maschere di Mercadia";"Rare";"";"EX";"Excellent";"N";"";"";"0,30";"0,30";"1";"0,30";"https://www.cardmarket.com/it/Magic/Products/Singles/Mercadian-Masques/Overtaker";"https://product-images.s3.cardmarket.com/1/MMQ/11462/11462.jpg";"N"
"=""2101816368""";"=""15""";"Angelo Luminoso";"";"";"";"Mirrodin";"Rare";"";"PL";"Played";"N";"";"";"0,20";"0,20";"1";"0,20";"https://www.cardmarket.com/it/Magic/Products/Singles/Mirrodin/Luminous-Angel";"https://product-images.s3.cardmarket.com/1/MRD/15/15.jpg";"N"
"=""2101841339""";"=""15""";"Angelo Luminoso";"";"";"";"Mirrodin";"Rare";"";"NM";"Near Mint";"N";"";"";"0,30";"0,30";"1";"0,30";"https://www.cardmarket.com/it/Magic/Products/Singles/Mirrodin/Luminous-Angel";"https://product-images.s3.cardmarket.com/1/MRD/15/15.jpg";"N"
"=""2101747630""";"=""147""";"Bosh, Golem di Ferro";"";"";"";"Mirrodin";"Rare";"";"NM";"Near Mint";"N";"";"";"0,40";"0,40";"1";"0,40";"https://www.cardmarket.com/it/Magic/Products/Singles/Mirrodin/Bosh-Iron-Golem";"https://product-images.s3.cardmarket.com/1/MRD/147/147.jpg";"N"
"=""2101927038""";"=""219""";"Frusta dell'Incubo";"";"";"";"Mirrodin";"Rare";"";"EX";"Excellent";"N";"";"";"0,30";"0,30";"1";"0,30";"https://www.cardmarket.com/it/Magic/Products/Singles/Mirrodin/Nightmare-Lash";"https://product-images.s3.cardmarket.com/1/MRD/219/219.jpg";"N"
"=""2101852523""";"=""14""";"Giustiziere Lossodonte";"";"";"";"Mirrodin";"Rare";"";"NM";"Near Mint";"N";"";"";"0,20";"0,20";"1";"0,20";"https://www.cardmarket.com/it/Magic/Products/Singles/Mirrodin/Loxodon-Punisher";"https://product-images.s3.cardmarket.com/1/MRD/14/14.jpg";"N"
"=""2102869931""";"=""120""";"Glissa Sunseeker";"";"";"";"Mirrodin";"Rare";"";"NM";"Near Mint";"N";"";"";"0,40";"0,40";"1";"0,40";"https://www.cardmarket.com/it/Magic/Products/Singles/Mirrodin/Glissa-Sunseeker";"https://product-images.s3.cardmarket.com/1/MRD/120/120.jpg";"N"
"=""2102873679""";"=""195""";"Livellatore";"";"";"";"Mirrodin";"Rare";"";"NM";"Near Mint";"N";"";"";"1,20";"1,20";"1";"1,20";"https://www.cardmarket.com/it/Magic/Products/Singles/Mirrodin/Leveler";"https://product-images.s3.cardmarket.com/1/MRD/195/195.jpg";"N"
"=""2101926090""";"=""276""";"Spaccamondo";"";"";"";"Mirrodin";"Rare";"";"EX";"Excellent";"N";"";"";"0,50";"0,50";"2";"1,00";"https://www.cardmarket.com/it/Magic/Products/Singles/Mirrodin/Worldslayer";"https://product-images.s3.cardmarket.com/1/MRD/276/276.jpg";"N"
"=""2102900337""";"=""251""";"Spada di Kaldra";"";"";"";"Mirrodin";"Rare";"";"EX";"Excellent";"N";"";"";"4,30";"4,30";"1";"4,30";"https://www.cardmarket.com/it/Magic/Products/Singles/Mirrodin/Sword-of-Kaldra";"https://product-images.s3.cardmarket.com/1/MRD/251/251.jpg";"N"
"=""2102900982""";"=""194""";"Stendardo del Sole Leonid";"";"";"";"Mirrodin";"Rare";"";"NM";"Near Mint";"N";"";"";"0,20";"0,20";"1";"0,20";"https://www.cardmarket.com/it/Magic/Products/Singles/Mirrodin/Leonin-Sun-Standard";"https://product-images.s3.cardmarket.com/1/MRD/194/194.jpg";"N"
"=""2102872402""";"=""245381""";"Forgia dei Titani";"";"";"";"Mirrodin Assediato";"Rare";"";"NM";"Near Mint";"N";"";"";"0,30";"0,30";"1";"0,30";"https://www.cardmarket.com/it/Magic/Products/Singles/Mirrodin-Besieged/Titan-Forge";"https://product-images.s3.cardmarket.com/1/MBS/245381/245381.jpg";"N"
"=""2101855954""";"=""245355""";"Messaggera di Vittoria";"";"";"";"Mirrodin Assediato";"Rare";"";"NM";"Near Mint";"N";"";"";"0,20";"0,20";"1";"0,20";"https://www.cardmarket.com/it/Magic/Products/Singles/Mirrodin-Besieged/Victory-s-Herald";"https://product-images.s3.cardmarket.com/1/MBS/245355/245355.jpg";"N"
"=""2101899498""";"=""245380""";"Nibbio Infernale Incendiario";"";"";"";"Mirrodin Assediato";"Rare";"";"NM";"Near Mint";"N";"";"";"0,20";"0,20";"2";"0,40";"https://www.cardmarket.com/it/Magic/Products/Singles/Mirrodin-Besieged/Hellkite-Igniter";"https://product-images.s3.cardmarket.com/1/MBS/245380/245380.jpg";"N"
"=""2102872206""";"=""245385""";"Psicosi Strisciante";"";"";"";"Mirrodin Assediato";"Rare";"";"NM";"Near Mint";"N";"";"";"0,30";"0,30";"1";"0,30";"https://www.cardmarket.com/it/Magic/Products/Singles/Mirrodin-Besieged/Psychosis-Crawler";"https://product-images.s3.cardmarket.com/1/MBS/245385/245385.jpg";"N"
"=""2101895672""";"=""245379""";"Tempesta di Scorie";"";"";"";"Mirrodin Assediato";"Rare";"";"NM";"Near Mint";"N";"";"";"0,40";"0,40";"1";"0,40";"https://www.cardmarket.com/it/Magic/Products/Singles/Mirrodin-Besieged/Slagstorm";"https://product-images.s3.cardmarket.com/1/MBS/245379/245379.jpg";"N"
"=""2101855791""";"=""245401""";"Zenit del Sole Bianco";"";"";"";"Mirrodin Assediato";"Rare";"";"NM";"Near Mint";"N";"";"";"0,20";"0,20";"1";"0,20";"https://www.cardmarket.com/it/Magic/Products/Singles/Mirrodin-Besieged/White-Sun-s-Zenith";"https://product-images.s3.cardmarket.com/1/MBS/245401/245401.jpg";"N"
"=""2103072985""";"=""283048""";"Frantumatore di Ulamog";"";"";"";"Modern Masters 2015";"Common";"";"NM";"Near Mint";"N";"";"";"0,20";"0,20";"1";"0,20";"https://www.cardmarket.com/it/Magic/Products/Singles/Modern-Masters-2015/Ulamog-s-Crusher";"https://product-images.s3.cardmarket.com/1/MM2/283048/283048.jpg";"N"
"=""2101889814""";"=""11790""";"Assassina di Rath";"";"";"";"Nemesis";"Rare";"";"NM";"Near Mint";"N";"";"";"0,40";"0,40";"1";"0,40";"https://www.cardmarket.com/it/Magic/Products/Singles/Nemesis/Rathi-Assassin";"https://product-images.s3.cardmarket.com/1/NEM/11790/11790.jpg";"N"
"=""2102903059""";"=""11851""";"Automa Complesso";"";"";"";"Nemesis";"Rare";"";"NM";"Near Mint";"N";"";"";"0,20";"0,20";"1";"0,20";"https://www.cardmarket.com/it/Magic/Products/Singles/Nemesis/Complex-Automaton";"https://product-images.s3.cardmarket.com/1/NEM/11851/11851.jpg";"N"
"=""2101902426""";"=""11839""";"Behemoth di Cielsudario";"";"";"";"Nemesis";"Rare";"";"NM";"Near Mint";"N";"";"";"0,50";"0,50";"1";"0,50";"https://www.cardmarket.com/it/Magic/Products/Singles/Nemesis/Skyshroud-Behemoth";"https://product-images.s3.cardmarket.com/1/NEM/11839/11839.jpg";"N"
"=""2101927845""";"=""11759""";"Luna Pallida";"";"";"";"Nemesis";"Rare";"";"EX";"Excellent";"N";"";"";"0,40";"0,40";"1";"0,40";"https://www.cardmarket.com/it/Magic/Products/Singles/Nemesis/Pale-Moon";"https://product-images.s3.cardmarket.com/1/NEM/11759/11759.jpg";"N"
"=""2101918042""";"=""11822""";"Mogg Strillante";"";"";"";"Nemesis";"Rare";"";"NM";"Near Mint";"N";"";"";"0,40";"0,40";"1";"0,40";"https://www.cardmarket.com/it/Magic/Products/Singles/Nemesis/Shrieking-Mogg";"https://product-images.s3.cardmarket.com/1/NEM/11822/11822.jpg";"N"
"=""2101748093""";"=""11858""";"Predatrice, Nave Ammiraglia";"";"";"";"Nemesis";"Rare";"";"NM";"Near Mint";"N";"";"";"3,00";"3,00";"1";"3,00";"https://www.cardmarket.com/it/Magic/Products/Singles/Nemesis/Predator-Flagship";"https://product-images.s3.cardmarket.com/1/NEM/11858/11858.jpg";"N"
"=""2101902604""";"=""11835""";"Rhox";"";"";"";"Nemesis";"Rare";"";"NM";"Near Mint";"N";"";"";"0,20";"0,20";"1";"0,20";"https://www.cardmarket.com/it/Magic/Products/Singles/Nemesis/Rhox";"https://product-images.s3.cardmarket.com/1/NEM/11835/11835.jpg";"N"
"=""2101911995""";"=""11766""";"Serpente della Marea";"";"";"";"Nemesis";"Rare";"";"EX";"Excellent";"N";"";"";"0,20";"0,20";"1";"0,20";"https://www.cardmarket.com/it/Magic/Products/Singles/Nemesis/Sliptide-Serpent";"https://product-images.s3.cardmarket.com/1/NEM/11766/11766.jpg";"N"
"=""2101924681""";"=""12284""";"Bestia da Soma";"";"";"";"Nona Edizione";"Rare";"";"EX";"Excellent";"N";"";"";"0,20";"0,20";"1";"0,20";"https://www.cardmarket.com/it/Magic/Products/Singles/Ninth-Edition/Beast-of-Burden";"https://product-images.s3.cardmarket.com/1/9ED/12284/12284.jpg";"N"
"=""2102874157""";"=""12447""";"Pietra da Macina Magica";"";"";"";"Nona Edizione";"Rare";"";"NM";"Near Mint";"N";"";"";"0,30";"0,30";"1";"0,30";"https://www.cardmarket.com/it/Magic/Products/Singles/Ninth-Edition/Millstone";"https://product-images.s3.cardmarket.com/1/9ED/12447/12447.jpg";"N"
"=""2101831655""";"=""12528""";"Vampiro di Sengir";"";"";"";"Nona Edizione";"Rare";"";"EX";"Excellent";"N";"";"";"0,30";"0,30";"1";"0,30";"https://www.cardmarket.com/it/Magic/Products/Singles/Ninth-Edition/Sengir-Vampire";"https://product-images.s3.cardmarket.com/1/9ED/12528/12528.jpg";"N"
"=""2101822112""";"=""287295""";"Caduta dei Titani";"";"";"";"Oath of the Gatewatch";"Rare";"";"NM";"Near Mint";"N";"";"";"0,20";"0,20";"3";"0,60";"https://www.cardmarket.com/it/Magic/Products/Singles/Oath-of-the-Gatewatch/Fall-of-the-Titans";"https://product-images.s3.cardmarket.com/1/OGW/287295/287295.jpg";"N"
"=""2101750000""";"=""287287""";"Crocevia Corrotto";"";"";"";"Oath of the Gatewatch";"Rare";"";"NM";"Near Mint";"N";"";"";"0,30";"0,30";"1";"0,30";"https://www.cardmarket.com/it/Magic/Products/Singles/Oath-of-the-Gatewatch/Corrupted-Crossroads";"https://product-images.s3.cardmarket.com/1/OGW/287287/287287.jpg";"N"
"=""2101906626""";"=""287305""";"Difensore Silvano";"";"";"";"Oath of the Gatewatch";"Rare";"";"NM";"Near Mint";"N";"";"";"0,20";"0,20";"4";"0,80";"https://www.cardmarket.com/it/Magic/Products/Singles/Oath-of-the-Gatewatch/Sylvan-Advocate";"https://product-images.s3.cardmarket.com/1/OGW/287305/287305.jpg";"N"
"=""2101822506""";"=""287293""";"Negazione Schiacciante";"";"";"";"Oath of the Gatewatch";"Rare";"";"NM";"Near Mint";"N";"";"";"0,20";"0,20";"4";"0,80";"https://www.cardmarket.com/it/Magic/Products/Singles/Oath-of-the-Gatewatch/Overwhelming-Denial";"https://product-images.s3.cardmarket.com/1/OGW/287293/287293.jpg";"N"
"=""2101824026""";"=""287173""";"Tiranno di Valakut";"";"";"";"Oath of the Gatewatch";"Rare";"";"NM";"Near Mint";"N";"";"";"0,40";"0,40";"1";"0,40";"https://www.cardmarket.com/it/Magic/Products/Singles/Oath-of-the-Gatewatch/Tyrant-of-Valakut";"https://product-images.s3.cardmarket.com/1/OGW/287173/287173.jpg";"N"
"=""2101910867""";"=""2473""";"Amugaba";"";"";"";"Odissea";"Rare";"";"EX";"Excellent";"N";"";"";"0,20";"0,20";"1";"0,20";"https://www.cardmarket.com/it/Magic/Products/Singles/Odyssey/Amugaba";"https://product-images.s3.cardmarket.com/1/ODY/2473/2473.jpg";"N"
"=""2102864795""";"=""2698""";"Atogatog";"";"";"";"Odissea";"Rare";"";"EX";"Excellent";"N";"";"";"0,40";"0,40";"1";"0,40";"https://www.cardmarket.com/it/Magic/Products/Singles/Odyssey/Atogatog";"https://product-images.s3.cardmarket.com/1/ODY/2698/2698.jpg";"N"
"=""2101903153""";"=""2688""";"Basilisco Lingua-di-Pietra";"";"";"";"Odissea";"Rare";"";"GD";"Good";"N";"";"";"0,30";"0,30";"1";"0,30";"https://www.cardmarket.com/it/Magic/Products/Singles/Odyssey/Stone-Tongue-Basilisk";"https://product-images.s3.cardmarket.com/1/ODY/2688/2688.jpg";"N"
"=""2101850865""";"=""2425""";"Cantivoro";"";"";"";"Odissea";"Rare";"";"NM";"Near Mint";"N";"";"";"0,50";"0,50";"1";"0,50";"https://www.cardmarket.com/it/Magic/Products/Singles/Odyssey/Cantivore";"https://product-images.s3.cardmarket.com/1/ODY/2425/2425.jpg";"N"
"=""2103088295""";"=""2644""";"Cartografo";"";"";"";"Odissea";"Common";"";"NM";"Near Mint";"N";"";"";"0,20";"0,20";"1";"0,20";"https://www.cardmarket.com/it/Magic/Products/Singles/Odyssey/Cartographer";"https://product-images.s3.cardmarket.com/1/ODY/2644/2644.jpg";"N"
"=""2101903289""";"=""2683""";"Centauro Rovinamagie";"";"";"";"Odissea";"Rare";"";"GD";"Good";"N";"";"";"0,20";"0,20";"1";"0,20";"https://www.cardmarket.com/it/Magic/Products/Singles/Odyssey/Spellbane-Centaur";"https://product-images.s3.cardmarket.com/1/ODY/2683/2683.jpg";"N"
"=""2101911079""";"=""2489""";"Cognivoro";"";"";"";"Odissea";"Rare";"";"EX";"Excellent";"N";"";"";"0,40";"0,40";"1";"0,40";"https://www.cardmarket.com/it/Magic/Products/Singles/Odyssey/Cognivore";"https://product-images.s3.cardmarket.com/1/ODY/2489/2489.jpg";"N"
"=""2101911244""";"=""2517""";"Divorapensieri";"";"";"";"Odissea";"Rare";"";"EX";"Excellent";"N";"";"";"0,30";"0,30";"1";"0,30";"https://www.cardmarket.com/it/Magic/Products/Singles/Odyssey/Thought-Devourer";"https://product-images.s3.cardmarket.com/1/ODY/2517/2517.jpg";"N"
"=""2101920538""";"=""2622""";"Famiglio Caparbio";"";"";"";"Odissea";"Rare";"";"EX";"Excellent";"N";"";"";"0,20";"0,20";"1";"0,20";"https://www.cardmarket.com/it/Magic/Products/Singles/Odyssey/Obstinate-Familiar";"https://product-images.s3.cardmarket.com/1/ODY/2622/2622.jpg";"N"
"=""2102898392""";"=""2712""";"Golem di Ciarpame";"";"";"";"Odissea";"Rare";"";"NM";"Near Mint";"N";"";"";"0,40";"0,40";"1";"0,40";"https://www.cardmarket.com/it/Magic/Products/Singles/Odyssey/Junk-Golem";"https://product-images.s3.cardmarket.com/1/ODY/2712/2712.jpg";"N"
"=""2101920070""";"=""2610""";"Kamahl, Combattente dell'Arena";"";"";"";"Odissea";"Rare";"";"EX";"Excellent";"N";"";"";"0,40";"0,40";"1";"0,40";"https://www.cardmarket.com/it/Magic/Products/Singles/Odyssey/Kamahl-Pit-Fighter";"https://product-images.s3.cardmarket.com/1/ODY/2610/2610.jpg";"N"
"=""2101920294""";"=""2624""";"Minatore Pardico";"";"";"";"Odissea";"Rare";"";"EX";"Excellent";"N";"";"";"0,40";"0,40";"1";"0,40";"https://www.cardmarket.com/it/Magic/Products/Singles/Odyssey/Pardic-Miner";"https://product-images.s3.cardmarket.com/1/ODY/2624/2624.jpg";"N"
"=""2101745532""";"=""2513""";"Mutaforma Sfuggente";"";"";"";"Odissea";"Rare";"";"GD";"Good";"N";"";"";"1,20";"1,20";"1";"1,20";"https://www.cardmarket.com/it/Magic/Products/Singles/Odyssey/Shifty-Doppelganger";"https://product-images.s3.cardmarket.com/1/ODY/2513/2513.jpg";"N"
"=""2101851155""";"=""2451""";"Pianna, Capitano Nomade";"";"";"";"Odissea";"Rare";"";"NM";"Near Mint";"N";"";"";"0,90";"0,90";"1";"0,90";"https://www.cardmarket.com/it/Magic/Products/Singles/Odyssey/Pianna-Nomad-Captain";"https://product-images.s3.cardmarket.com/1/ODY/2451/2451.jpg";"N"
"=""2101911353""";"=""2485""";"Seguace Cefalide";"";"";"";"Odissea";"Rare";"";"EX";"Excellent";"N";"";"";"0,20";"0,20";"1";"0,20";"https://www.cardmarket.com/it/Magic/Products/Singles/Odyssey/Cephalid-Retainer";"https://product-images.s3.cardmarket.com/1/ODY/2485/2485.jpg";"N"
"=""2101898104""";"=""289123""";"Bandita delle Alture Geier // Alfa del Branco Vildin";"";"";"";"Ombre su Innistrad";"Rare";"";"NM";"Near Mint";"N";"";"";"0,20";"0,20";"1";"0,20";"https://www.cardmarket.com/it/Magic/Products/Singles/Shadows-over-Innistrad/Geier-Reach-Bandit-VildinPack-Alpha";"https://product-images.s3.cardmarket.com/1/SOI/289123/289123.jpg";"N"
"=""2101826915""";"=""289275""";"Campo Giochi dei Diavoli";"";"";"";"Ombre su Innistrad";"Rare";"";"NM";"Near Mint";"N";"";"";"0,20";"0,20";"1";"0,20";"https://www.cardmarket.com/it/Magic/Products/Singles/Shadows-over-Innistrad/Devils-Playground";"https://product-images.s3.cardmarket.com/1/SOI/289275/289275.jpg";"N"
"=""2101853602""";"=""288916""";"Cavalleria di Drogskol";"";"";"";"Ombre su Innistrad";"Rare";"";"NM";"Near Mint";"N";"";"";"0,20";"0,20";"1";"0,20";"https://www.cardmarket.com/it/Magic/Products/Singles/Shadows-over-Innistrad/Drogskol-Cavalry";"https://product-images.s3.cardmarket.com/1/SOI/288916/288916.jpg";"N"
"=""2101927514""";"=""288656""";"Cervello in Barattolo";"";"";"";"Ombre su Innistrad";"Rare";"";"EX";"Excellent";"N";"";"";"0,20";"0,20";"2";"0,40";"https://www.cardmarket.com/it/Magic/Products/Singles/Shadows-over-Innistrad/Brain-in-a-Jar";"https://product-images.s3.cardmarket.com/1/SOI/288656/288656.jpg";"N"
"=""2101927566""";"=""288656""";"Cervello in Barattolo";"";"";"";"Ombre su Innistrad";"Rare";"";"EX";"Excellent";"N";"";"";"0,20";"0,20";"1";"0,20";"https://www.cardmarket.com/it/Magic/Products/Singles/Shadows-over-Innistrad/Brain-in-a-Jar";"https://product-images.s3.cardmarket.com/1/SOI/288656/288656.jpg";"N"
"=""2101745178""";"=""289006""";"Confermare i Sospetti";"";"";"";"Ombre su Innistrad";"Rare";"";"EX";"Excellent";"N";"";"";"0,20";"0,20";"1";"0,20";"https://www.cardmarket.com/it/Magic/Products/Singles/Shadows-over-Innistrad/Confirm-Suspicions";"https://product-images.s3.cardmarket.com/1/SOI/289006/289006.jpg";"N"
"=""2101823454""";"=""289219""";"Corazza dello Sterminatore";"";"";"";"Ombre su Innistrad";"Rare";"";"NM";"Near Mint";"N";"";"";"0,20";"0,20";"2";"0,40";"https://www.cardmarket.com/it/Magic/Products/Singles/Shadows-over-Innistrad/Slayer-s-Plate";"https://product-images.s3.cardmarket.com/1/SOI/289219/289219.jpg";"N"
"=""2101874379""";"=""289116""";"Da Sotto il Pavimento";"";"";"";"Ombre su Innistrad";"Rare";"";"NM";"Near Mint";"N";"";"";"0,20";"0,20";"1";"0,20";"https://www.cardmarket.com/it/Magic/Products/Singles/Shadows-over-Innistrad/From-Under-the-Floorboards";"https://product-images.s3.cardmarket.com/1/SOI/289116/289116.jpg";"N"
"=""2102867017""";"=""288644""";"Dichiarazione nella Pietra";"";"";"";"Ombre su Innistrad";"Rare";"";"EX";"Excellent";"N";"";"";"0,20";"0,20";"1";"0,20";"https://www.cardmarket.com/it/Magic/Products/Singles/Shadows-over-Innistrad/Declaration-in-Stone";"https://product-images.s3.cardmarket.com/1/SOI/288644/288644.jpg";"N"
"=""2101859555""";"=""288644""";"Dichiarazione nella Pietra";"";"";"";"Ombre su Innistrad";"Rare";"";"NM";"Near Mint";"N";"";"";"0,20";"0,20";"1";"0,20";"https://www.cardmarket.com/it/Magic/Products/Singles/Shadows-over-Innistrad/Declaration-in-Stone";"https://product-images.s3.cardmarket.com/1/SOI/288644/288644.jpg";"N"
"=""2101939298""";"=""289114""";"Ego Alterato";"";"";"";"Ombre su Innistrad";"Rare";"";"EX";"Excellent";"N";"";"";"0,20";"0,20";"1";"0,20";"https://www.cardmarket.com/it/Magic/Products/Singles/Shadows-over-Innistrad/Altered-Ego";"https://product-images.s3.cardmarket.com/1/SOI/289114/289114.jpg";"N"
"=""2101832997""";"=""288994""";"Fautrice Vellargento";"";"";"";"Ombre su Innistrad";"Rare";"";"EX";"Excellent";"N";"";"";"0,40";"0,40";"2";"0,80";"https://www.cardmarket.com/it/Magic/Products/Singles/Shadows-over-Innistrad/Silverfur-Partisan";"https://product-images.s3.cardmarket.com/1/SOI/288994/288994.jpg";"N"
"=""2101897362""";"=""288969""";"Imbrigliare la Tempesta";"";"";"";"Ombre su Innistrad";"Rare";"";"NM";"Near Mint";"N";"";"";"0,20";"0,20";"1";"0,20";"https://www.cardmarket.com/it/Magic/Products/Singles/Shadows-over-Innistrad/Harness-the-Storm";"https://product-images.s3.cardmarket.com/1/SOI/288969/288969.jpg";"N"
"=""2101906484""";"=""289112""";"Massa Inesorabile";"";"";"";"Ombre su Innistrad";"Rare";"";"NM";"Near Mint";"N";"";"";"0,20";"0,20";"1";"0,20";"https://www.cardmarket.com/it/Magic/Products/Singles/Shadows-over-Innistrad/Inexorable-Blob";"https://product-images.s3.cardmarket.com/1/SOI/289112/289112.jpg";"N"
"=""2102864213""";"=""288922""";"Odric, Maresciallo del Lunarca";"";"";"";"Ombre su Innistrad";"Rare";"";"NM";"Near Mint";"N";"";"";"0,20";"0,20";"1";"0,20";"https://www.cardmarket.com/it/Magic/Products/Singles/Shadows-over-Innistrad/Odric-Lunarch-Marshal";"https://product-images.s3.cardmarket.com/1/SOI/288922/288922.jpg";"N"
"=""2102869350""";"=""288951""";"Saggia delle Tradizioni Ataviche // Mannara dalla Fame Atavica";"";"";"";"Ombre su Innistrad";"Rare";"";"NM";"Near Mint";"N";"";"";"0,20";"0,20";"1";"0,20";"https://www.cardmarket.com/it/Magic/Products/Singles/Shadows-over-Innistrad/Sage-of-Ancient-Lore-Werewolf-of-Ancient-Hunger";"https://product-images.s3.cardmarket.com/1/SOI/288951/288951.jpg";"N"
"=""2101853447""";"=""289004""";"Sempre all'Erta";"";"";"";"Ombre su Innistrad";"Rare";"";"NM";"Near Mint";"N";"";"";"0,30";"0,30";"1";"0,30";"https://www.cardmarket.com/it/Magic/Products/Singles/Shadows-over-Innistrad/Always-Watching";"https://product-images.s3.cardmarket.com/1/SOI/289004/289004.jpg";"N"
"=""2101939016""";"=""289004""";"Sempre all'Erta";"";"";"";"Ombre su Innistrad";"Rare";"";"NM";"Near Mint";"N";"";"";"0,30";"0,30";"1";"0,30";"https://www.cardmarket.com/it/Magic/Products/Singles/Shadows-over-Innistrad/Always-Watching";"https://product-images.s3.cardmarket.com/1/SOI/289004/289004.jpg";"N"
"=""2102869079""";"=""288996""";"Tempio della Relittopoli";"";"";"";"Ombre su Innistrad";"Rare";"";"NM";"Near Mint";"N";"";"";"0,20";"0,20";"1";"0,20";"https://www.cardmarket.com/it/Magic/Products/Singles/Shadows-over-Innistrad/Drownyard-Temple";"https://product-images.s3.cardmarket.com/1/SOI/288996/288996.jpg";"N"
"=""2101822829""";"=""288659""";"Torturatrice Elusiva // Nebbia Insidiosa";"";"";"";"Ombre su Innistrad";"Rare";"";"NM";"Near Mint";"N";"";"";"0,20";"0,20";"1";"0,20";"https://www.cardmarket.com/it/Magic/Products/Singles/Shadows-over-Innistrad/Elusive-Tormentor-Insidious-Mist";"https://product-images.s3.cardmarket.com/1/SOI/288659/288659.jpg";"N"
"=""2101754708""";"=""289064""";"Travolgere la Costa";"";"";"";"Ombre su Innistrad";"Rare";"";"NM";"Near Mint";"N";"";"";"0,40";"0,40";"1";"0,40";"https://www.cardmarket.com/it/Magic/Products/Singles/Shadows-over-Innistrad/Engulf-the-Shore";"https://product-images.s3.cardmarket.com/1/SOI/289064/289064.jpg";"N"
"=""2101823274""";"=""289073""";"Verdetto di Avacyn";"";"";"";"Ombre su Innistrad";"Rare";"";"NM";"Near Mint";"N";"";"";"0,20";"0,20";"5";"1,00";"https://www.cardmarket.com/it/Magic/Products/Singles/Shadows-over-Innistrad/Avacyn-s-Judgment";"https://product-images.s3.cardmarket.com/1/SOI/289073/289073.jpg";"N"
"=""2101853208""";"=""288643""";"Vescovo Trapassato";"";"";"";"Ombre su Innistrad";"Rare";"";"NM";"Near Mint";"N";"";"";"0,20";"0,20";"1";"0,20";"https://www.cardmarket.com/it/Magic/Products/Singles/Shadows-over-Innistrad/Bygone-Bishop";"https://product-images.s3.cardmarket.com/1/SOI/288643/288643.jpg";"N"
"=""2101873909""";"=""289008""";"Visitatrice del Manicomio";"";"";"";"Ombre su Innistrad";"Rare";"";"NM";"Near Mint";"N";"";"";"0,20";"0,20";"1";"0,20";"https://www.cardmarket.com/it/Magic/Products/Singles/Shadows-over-Innistrad/Asylum-Visitor";"https://product-images.s3.cardmarket.com/1/SOI/289008/289008.jpg";"N"
"=""2101874041""";"=""289008""";"Visitatrice del Manicomio";"";"";"";"Ombre su Innistrad";"Rare";"";"NM";"Near Mint";"N";"";"";"0,20";"0,20";"1";"0,20";"https://www.cardmarket.com/it/Magic/Products/Singles/Shadows-over-Innistrad/Asylum-Visitor";"https://product-images.s3.cardmarket.com/1/SOI/289008/289008.jpg";"N"
"=""2103078917""";"=""13625""";"Confutare";"";"";"";"Ondata Glaciale";"Uncommon";"";"NM";"Near Mint";"N";"";"";"0,10";"0,10";"1";"0,10";"https://www.cardmarket.com/it/Magic/Products/Singles/Coldsnap/Controvert";"https://product-images.s3.cardmarket.com/1/CSP/13625/13625.jpg";"N"
"=""2103089352""";"=""13639""";"Gelolampo";"";"";"";"Ondata Glaciale";"Uncommon";"";"NM";"Near Mint";"N";"";"";"0,10";"0,10";"1";"0,10";"https://www.cardmarket.com/it/Magic/Products/Singles/Coldsnap/Flashfreeze";"https://product-images.s3.cardmarket.com/1/CSP/13639/13639.jpg";"N"
"=""2103096979""";"=""771801""";"Ariete Cefalico";"";"";"";"Orizzonti di Modern 3";"Common";"";"NM";"Near Mint";"N";"";"";"0,20";"0,20";"1";"0,20";"https://www.cardmarket.com/it/Magic/Products/Singles/Modern-Horizons-3/Cranial-Ram";"https://product-images.s3.cardmarket.com/1/MH3/771801/771801.jpg";"N"
"=""2103075177""";"=""772445""";"Verità Incomprensibili";"";"";"";"Orizzonti di Modern 3";"Common";"";"NM";"Near Mint";"N";"";"";"0,10";"0,10";"1";"0,10";"https://www.cardmarket.com/it/Magic/Products/Singles/Modern-Horizons-3/Unfathomable-Truths";"https://product-images.s3.cardmarket.com/1/MH3/772445/772445.jpg";"N"
"=""2102903953""";"=""929""";"Araldo di Ottone";"";"";"";"Ottava Edizione";"Rare";"";"NM";"Near Mint";"N";"";"";"0,20";"0,20";"1";"0,20";"https://www.cardmarket.com/it/Magic/Products/Singles/Eighth-Edition/Brass-Herald";"https://product-images.s3.cardmarket.com/1/8ED/929/929.jpg";"N"
"=""2101748256""";"=""945""";"Colosso di Phyrexia";"";"";"";"Ottava Edizione";"Rare";"";"NM";"Near Mint";"N";"";"";"0,70";"0,70";"1";"0,70";"https://www.cardmarket.com/it/Magic/Products/Singles/Eighth-Edition/Phyrexian-Colossus";"https://product-images.s3.cardmarket.com/1/8ED/945/945.jpg";"N"
"=""2103088892""";"=""652""";"Demistificare";"";"";"";"Ottava Edizione";"Common";"";"NM";"Near Mint";"N";"";"";"0,10";"0,10";"1";"0,10";"https://www.cardmarket.com/it/Magic/Products/Singles/Eighth-Edition/Demystify";"https://product-images.s3.cardmarket.com/1/8ED/652/652.jpg";"N"
"=""2101751595""";"=""857""";"Drago di Shivan";"";"";"";"Ottava Edizione";"Rare";"";"NM";"Near Mint";"N";"";"";"0,30";"0,30";"1";"0,30";"https://www.cardmarket.com/it/Magic/Products/Singles/Eighth-Edition/Shivan-Dragon";"https://product-images.s3.cardmarket.com/1/8ED/857/857.jpg";"N"
"=""2101841116""";"=""656""";"Inno Glorioso";"";"";"";"Ottava Edizione";"Rare";"";"NM";"Near Mint";"N";"";"";"0,20";"0,20";"1";"0,20";"https://www.cardmarket.com/it/Magic/Products/Singles/Eighth-Edition/Glorious-Anthem";"https://product-images.s3.cardmarket.com/1/8ED/656/656.jpg";"N"
"=""2101876886""";"=""767""";"Paladino Orientale";"";"";"";"Ottava Edizione";"Rare";"";"NM";"Near Mint";"N";"";"";"0,50";"0,50";"1";"0,50";"https://www.cardmarket.com/it/Magic/Products/Singles/Eighth-Edition/Eastern-Paladin";"https://product-images.s3.cardmarket.com/1/8ED/767/767.jpg";"N"
"=""2102879775""";"=""833866""";"Nexus dei Lampidotteri (V.1)";"V.1";"V.1";"";"Panorami stellari";"Rare";"";"NM";"Near Mint";"N";"";"";"1,50";"1,50";"1";"1,50";"https://www.cardmarket.com/it/Magic/Products/Singles/Stellar-Sights/Blinkmoth-Nexus-V1";"https://product-images.s3.cardmarket.com/1/EOS/833866/833866.jpg";"N"
"=""2101918180""";"=""3976""";"Avatar della Furia";"";"";"";"Profezia";"Rare";"";"NM";"Near Mint";"N";"";"";"0,40";"0,40";"1";"0,40";"https://www.cardmarket.com/it/Magic/Products/Singles/Prophecy/Avatar-of-Fury";"https://product-images.s3.cardmarket.com/1/PCY/3976/3976.jpg";"N"
"=""2101889980""";"=""3960""";"Greel, Collezionista Mentale";"";"";"";"Profezia";"Rare";"";"NM";"Near Mint";"N";"";"";"0,40";"0,40";"1";"0,40";"https://www.cardmarket.com/it/Magic/Products/Singles/Prophecy/Greel-Mind-Raker";"https://product-images.s3.cardmarket.com/1/PCY/3960/3960.jpg";"N"
"=""2101918331""";"=""3989""";"Latulla, Sovrintendente di Keld";"";"";"";"Profezia";"Rare";"";"NM";"Near Mint";"N";"";"";"0,30";"0,30";"1";"0,30";"https://www.cardmarket.com/it/Magic/Products/Singles/Prophecy/Latulla-Keldon-Overseer";"https://product-images.s3.cardmarket.com/1/PCY/3989/3989.jpg";"N"
"=""2103088428""";"=""4023""";"Prosperare";"";"";"";"Profezia";"Common";"";"NM";"Near Mint";"N";"";"";"0,20";"0,20";"1";"0,20";"https://www.cardmarket.com/it/Magic/Products/Singles/Prophecy/Thrive";"https://product-images.s3.cardmarket.com/1/PCY/4023/4023.jpg";"N"
"=""2101850238""";"=""6108""";"Antico Wurm di Terra";"";"";"";"Quarta Edizione";"Rare";"";"NM";"Near Mint";"N";"";"";"0,40";"0,40";"1";"0,40";"https://www.cardmarket.com/it/Magic/Products/Singles/Fourth-Edition/Elder-Land-Wurm";"https://product-images.s3.cardmarket.com/1/4ED/6108/6108.jpg";"N"
"=""2103084026""";"=""5884""";"Forza Diabolica";"";"";"";"Quarta Edizione";"Common";"";"NM";"Near Mint";"N";"";"";"0,10";"0,10";"1";"0,10";"https://www.cardmarket.com/it/Magic/Products/Singles/Fourth-Edition/Unholy-Strength";"https://product-images.s3.cardmarket.com/1/4ED/5884/5884.jpg";"N"
"=""2101916929""";"=""6060""";"Signore della Guerra Keldon";"";"";"";"Quarta Edizione";"Uncommon";"";"EX";"Excellent";"N";"";"";"0,20";"0,20";"1";"0,20";"https://www.cardmarket.com/it/Magic/Products/Singles/Fourth-Edition/Keldon-Warlord";"https://product-images.s3.cardmarket.com/1/4ED/6060/6060.jpg";"N"
"=""2102869504""";"=""565""";"Adepta Giuntatrice";"";"";"";"Quinta Alba";"Rare";"";"EX";"Excellent";"N";"";"";"0,40";"0,40";"1";"0,40";"https://www.cardmarket.com/it/Magic/Products/Singles/Fifth-Dawn/Joiner-Adept";"https://product-images.s3.cardmarket.com/1/5DN/565/565.jpg";"N"
"=""2101844090""";"=""621""";"Calcavento Auriok";"";"";"";"Quinta Alba";"Rare";"";"NM";"Near Mint";"N";"";"";"0,20";"0,20";"1";"0,20";"https://www.cardmarket.com/it/Magic/Products/Singles/Fifth-Dawn/Auriok-Windwalker";"https://product-images.s3.cardmarket.com/1/5DN/621/621.jpg";"N"
"=""2101877513""";"=""541""";"Elementale Profanatore";"";"";"";"Quinta Alba";"Rare";"";"NM";"Near Mint";"N";"";"";"1,20";"1,20";"1";"1,20";"https://www.cardmarket.com/it/Magic/Products/Singles/Fifth-Dawn/Desecration-Elemental";"https://product-images.s3.cardmarket.com/1/5DN/541/541.jpg";"N"
"=""2101746198""";"=""486""";"Porta sul Nulla";"";"";"";"Quinta Alba";"Rare";"";"NM";"Near Mint";"N";"";"";"0,50";"0,50";"1";"0,50";"https://www.cardmarket.com/it/Magic/Products/Singles/Fifth-Dawn/Door-to-Nothingness";"https://product-images.s3.cardmarket.com/1/5DN/486/486.jpg";"N"
"=""2101844270""";"=""623""";"Portatore dell'Alba Bianca";"";"";"";"Quinta Alba";"Rare";"";"NM";"Near Mint";"N";"";"";"0,40";"0,40";"1";"0,40";"https://www.cardmarket.com/it/Magic/Products/Singles/Fifth-Dawn/Bringer-of-the-White-Dawn";"https://product-images.s3.cardmarket.com/1/5DN/623/623.jpg";"N"
"=""2101877704""";"=""539""";"Portatore dell'Alba Nera";"";"";"";"Quinta Alba";"Rare";"";"EX";"Excellent";"N";"";"";"0,70";"0,70";"1";"0,70";"https://www.cardmarket.com/it/Magic/Products/Singles/Fifth-Dawn/Bringer-of-the-Black-Dawn";"https://product-images.s3.cardmarket.com/1/5DN/539/539.jpg";"N"
"=""2101751986""";"=""578""";"Portatore dell'Alba Rossa";"";"";"";"Quinta Alba";"Rare";"";"NM";"Near Mint";"N";"";"";"0,70";"0,70";"1";"0,70";"https://www.cardmarket.com/it/Magic/Products/Singles/Fifth-Dawn/Bringer-of-the-Red-Dawn";"https://product-images.s3.cardmarket.com/1/5DN/578/578.jpg";"N"
"=""2101905151""";"=""559""";"Portatore dell'Alba Verde";"";"";"";"Quinta Alba";"Rare";"";"NM";"Near Mint";"N";"";"";"0,20";"0,20";"1";"0,20";"https://www.cardmarket.com/it/Magic/Products/Singles/Fifth-Dawn/Bringer-of-the-Green-Dawn";"https://product-images.s3.cardmarket.com/1/5DN/559/559.jpg";"N"
"=""2101749564""";"=""519""";"Postazione di Recupero";"";"";"";"Quinta Alba";"Rare";"";"NM";"Near Mint";"N";"";"";"0,40";"0,40";"1";"0,40";"https://www.cardmarket.com/it/Magic/Products/Singles/Fifth-Dawn/Salvaging-Station";"https://product-images.s3.cardmarket.com/1/5DN/519/519.jpg";"N"
"=""2101843692""";"=""628""";"Raksha, Cucciolo d'Oro";"";"";"";"Quinta Alba";"Rare";"";"NM";"Near Mint";"N";"";"";"0,40";"0,40";"1";"0,40";"https://www.cardmarket.com/it/Magic/Products/Singles/Fifth-Dawn/Raksha-Golden-Cub";"https://product-images.s3.cardmarket.com/1/5DN/628/628.jpg";"N"
"=""2101905306""";"=""567""";"Rito di Transizione";"";"";"";"Quinta Alba";"Rare";"";"NM";"Near Mint";"N";"";"";"0,20";"0,20";"1";"0,20";"https://www.cardmarket.com/it/Magic/Products/Singles/Fifth-Dawn/Rite-of-Passage";"https://product-images.s3.cardmarket.com/1/5DN/567/567.jpg";"N"
"=""2101896257""";"=""593""";"Rovescio di Fortuna";"";"";"";"Quinta Alba";"Rare";"";"EX";"Excellent";"N";"";"";"0,20";"0,20";"1";"0,20";"https://www.cardmarket.com/it/Magic/Products/Singles/Fifth-Dawn/Reversal-of-Fortune";"https://product-images.s3.cardmarket.com/1/5DN/593/593.jpg";"N"
"=""2102899720""";"=""530""";"Schiacciasoli";"";"";"";"Quinta Alba";"Rare";"";"EX";"Excellent";"N";"";"";"0,20";"0,20";"1";"0,20";"https://www.cardmarket.com/it/Magic/Products/Singles/Fifth-Dawn/Suncrusher";"https://product-images.s3.cardmarket.com/1/5DN/530/530.jpg";"N"
"=""2101913895""";"=""608""";"Spazzatori Aerocustodi";"";"";"";"Quinta Alba";"Rare";"";"EX";"Excellent";"N";"";"";"0,20";"0,20";"1";"0,20";"https://www.cardmarket.com/it/Magic/Products/Singles/Fifth-Dawn/Hoverguard-Sweepers";"https://product-images.s3.cardmarket.com/1/5DN/608/608.jpg";"N"
"=""2103085224""";"=""730289""";"Riti Vampirici";"";"";"";"Racconti Incantevoli";"Uncommon";"";"NM";"Near Mint";"N";"";"";"0,20";"0,20";"1";"0,20";"https://www.cardmarket.com/it/Magic/Products/Singles/Enchanting-Tales/Vampiric-Rites";"https://product-images.s3.cardmarket.com/1/WOT/730289/730289.jpg";"N"
"=""2101914565""";"=""13326""";"Ardere";"";"";"";"Ravnica: Città delle Gilde";"Rare";"";"EX";"Excellent";"N";"";"";"0,20";"0,20";"1";"0,20";"https://www.cardmarket.com/it/Magic/Products/Singles/Ravnica-City-of-Guilds/Char";"https://product-images.s3.cardmarket.com/1/RAV/13326/13326.jpg";"N"
"=""2101840113""";"=""13489""";"Caldaia della Peste";"";"";"";"Ravnica: Città delle Gilde";"Rare";"";"EX";"Excellent";"N";"";"";"0,20";"0,20";"1";"0,20";"https://www.cardmarket.com/it/Magic/Products/Singles/Ravnica-City-of-Guilds/Plague-Boiler";"https://product-images.s3.cardmarket.com/1/RAV/13489/13489.jpg";"N"
"=""2102894942""";"=""13329""";"Circu, Lobotomista Dimir";"";"";"";"Ravnica: Città delle Gilde";"Rare";"";"EX";"Excellent";"N";"";"";"0,30";"0,30";"3";"0,90";"https://www.cardmarket.com/it/Magic/Products/Singles/Ravnica-City-of-Guilds/Circu-Dimir-Lobotomist";"https://product-images.s3.cardmarket.com/1/RAV/13329/13329.jpg";"N"
"=""2101829597""";"=""13585""";"Kudzo Sferzaliane";"";"";"";"Ravnica: Città delle Gilde";"Rare";"";"NM";"Near Mint";"N";"";"";"0,20";"0,20";"2";"0,40";"https://www.cardmarket.com/it/Magic/Products/Singles/Ravnica-City-of-Guilds/Vinelasher-Kudzu";"https://product-images.s3.cardmarket.com/1/RAV/13585/13585.jpg";"N"
"=""2101743804""";"=""13515""";"Savra, Regina dei Golgari";"";"";"";"Ravnica: Città delle Gilde";"Rare";"";"NM";"Near Mint";"N";"";"";"0,40";"0,40";"1";"0,40";"https://www.cardmarket.com/it/Magic/Products/Singles/Ravnica-City-of-Guilds/Savra-Queen-of-the-Golgari";"https://product-images.s3.cardmarket.com/1/RAV/13515/13515.jpg";"N"
"=""2101820753""";"=""13515""";"Savra, Regina dei Golgari";"";"";"";"Ravnica: Città delle Gilde";"Rare";"";"GD";"Good";"N";"";"";"0,30";"0,30";"1";"0,30";"https://www.cardmarket.com/it/Magic/Products/Singles/Ravnica-City-of-Guilds/Savra-Queen-of-the-Golgari";"https://product-images.s3.cardmarket.com/1/RAV/13515/13515.jpg";"N"
"=""2101831876""";"=""13426""";"Spaccainferno";"";"";"";"Ravnica: Città delle Gilde";"Rare";"";"EX";"Excellent";"N";"";"";"0,30";"0,30";"1";"0,30";"https://www.cardmarket.com/it/Magic/Products/Singles/Ravnica-City-of-Guilds/Helldozer";"https://product-images.s3.cardmarket.com/1/RAV/13426/13426.jpg";"N"
"=""2102866502""";"=""13559""";"Szadek, Signore dei Segreti";"";"";"";"Ravnica: Città delle Gilde";"Rare";"";"EX";"Excellent";"N";"";"";"0,20";"0,20";"1";"0,20";"https://www.cardmarket.com/it/Magic/Products/Singles/Ravnica-City-of-Guilds/Szadek-Lord-of-Secrets";"https://product-images.s3.cardmarket.com/1/RAV/13559/13559.jpg";"N"
"=""2101924829""";"=""258533""";"Attrezzatura Mutevole";"";"";"";"Return to Ravnica";"Rare";"";"EX";"Excellent";"N";"";"";"0,20";"0,20";"1";"0,20";"https://www.cardmarket.com/it/Magic/Products/Singles/Return-to-Ravnica/Volatile-Rig";"https://product-images.s3.cardmarket.com/1/RTR/258533/258533.jpg";"N"
"=""2101939858""";"=""258497""";"Autorità Virtuosa";"";"";"";"Return to Ravnica";"Rare";"";"GD";"Good";"N";"";"";"0,20";"0,20";"1";"0,20";"https://www.cardmarket.com/it/Magic/Products/Singles/Return-to-Ravnica/Righteous-Authority";"https://product-images.s3.cardmarket.com/1/RTR/258497/258497.jpg";"N"
"=""2101869516""";"=""258348""";"Demone della Profanazione";"";"";"";"Return to Ravnica";"Rare";"";"NM";"Near Mint";"N";"";"";"0,20";"0,20";"1";"0,20";"https://www.cardmarket.com/it/Magic/Products/Singles/Return-to-Ravnica/Desecration-Demon";"https://product-images.s3.cardmarket.com/1/RTR/258348/258348.jpg";"N"
"=""2102890606""";"=""258291""";"Troll Lotleth";"";"";"";"Return to Ravnica";"Rare";"";"NM";"Near Mint";"N";"";"";"0,20";"0,20";"2";"0,40";"https://www.cardmarket.com/it/Magic/Products/Singles/Return-to-Ravnica/Lotleth-Troll";"https://product-images.s3.cardmarket.com/1/RTR/258291/258291.jpg";"N"
"=""2101859727""";"=""294782""";"Minatrice di Geodetere";"";"";"";"Rivolta dell’Etere";"Rare";"";"NM";"Near Mint";"N";"";"";"0,20";"0,20";"1";"0,20";"https://www.cardmarket.com/it/Magic/Products/Singles/Aether-Revolt/Aethergeode-Miner";"https://product-images.s3.cardmarket.com/1/AER/294782/294782.jpg";"N"
"=""2101912146""";"=""10315""";"Coccodrillo Velato";"";"";"";"Saga di Urza";"Rare";"";"EX";"Excellent";"N";"";"";"0,50";"0,50";"1";"0,50";"https://www.cardmarket.com/it/Magic/Products/Singles/Urzas-Saga/Veiled-Crocodile";"https://product-images.s3.cardmarket.com/1/USG/10315/10315.jpg";"N"
"=""2101751151""";"=""10513""";"Colosso di Phyrexia";"";"";"";"Saga di Urza";"Rare";"";"NM";"Near Mint";"N";"";"";"1,20";"1,20";"1";"1,20";"https://www.cardmarket.com/it/Magic/Products/Singles/Urzas-Saga/Phyrexian-Colossus";"https://product-images.s3.cardmarket.com/1/USG/10513/10513.jpg";"N"
"=""2101888864""";"=""10376""";"Motore Stregato";"";"";"";"Saga di Urza";"Rare";"";"NM";"Near Mint";"N";"";"";"0,90";"0,90";"1";"0,90";"https://www.cardmarket.com/it/Magic/Products/Singles/Urzas-Saga/Witch-Engine";"https://product-images.s3.cardmarket.com/1/USG/10376/10376.jpg";"N"
"=""2101917397""";"=""10421""";"Nibbio Infernale di Shiv";"";"";"";"Saga di Urza";"Rare";"";"NM";"Near Mint";"N";"";"";"4,00";"4,00";"1";"4,00";"https://www.cardmarket.com/it/Magic/Products/Singles/Urzas-Saga/Shivan-Hellkite";"https://product-images.s3.cardmarket.com/1/USG/10421/10421.jpg";"N"
"=""2101889147""";"=""10322""";"Orrore Abissale";"";"";"";"Saga di Urza";"Rare";"";"NM";"Near Mint";"N";"";"";"2,00";"2,00";"1";"2,00";"https://www.cardmarket.com/it/Magic/Products/Singles/Urzas-Saga/Abyssal-Horror";"https://product-images.s3.cardmarket.com/1/USG/10322/10322.jpg";"N"
"=""2101817197""";"=""20382""";"Patrono dei Nezumi";"";"";"";"Salvat-Hachette";"Rare";"";"GD";"Good";"N";"";"";"0,20";"0,20";"1";"0,20";"https://www.cardmarket.com/it/Magic/Products/Singles/SalvatHachette/Patron-of-the-Nezumi";"https://product-images.s3.cardmarket.com/1/SAL/20382/20382.jpg";"N"
"=""2101739282""";"=""2147""";"Esorcista Altruista";"";"";"";"Sentenza";"Rare";"";"NM";"Near Mint";"N";"";"";"0,40";"0,40";"1";"0,40";"https://www.cardmarket.com/it/Magic/Products/Singles/Judgment/Selfless-Exorcist";"https://product-images.s3.cardmarket.com/1/JUD/2147/2147.jpg";"N"
"=""2101879400""";"=""2195""";"Gorgone Mascherata";"";"";"";"Sentenza";"Rare";"";"NM";"Near Mint";"N";"";"";"0,60";"0,60";"1";"0,60";"https://www.cardmarket.com/it/Magic/Products/Singles/Judgment/Masked-Gorgon";"https://product-images.s3.cardmarket.com/1/JUD/2195/2195.jpg";"N"
"=""2101921332""";"=""2219""";"Jeska, Guerriera Provetta";"";"";"";"Sentenza";"Rare";"";"EX";"Excellent";"N";"";"";"1,00";"1,00";"1";"1,00";"https://www.cardmarket.com/it/Magic/Products/Singles/Judgment/Jeska-Warrior-Adept";"https://product-images.s3.cardmarket.com/1/JUD/2219/2219.jpg";"N"
"=""2101910325""";"=""2184""";"Manta Vermezanna";"";"";"";"Sentenza";"Rare";"";"EX";"Excellent";"N";"";"";"0,20";"0,20";"1";"0,20";"https://www.cardmarket.com/it/Magic/Products/Singles/Judgment/Wormfang-Manta";"https://product-images.s3.cardmarket.com/1/JUD/2184/2184.jpg";"N"
"=""2101851923""";"=""2149""";"Serafino d'Argento";"";"";"";"Sentenza";"Rare";"";"NM";"Near Mint";"N";"";"";"0,90";"0,90";"1";"0,90";"https://www.cardmarket.com/it/Magic/Products/Singles/Judgment/Silver-Seraph";"https://product-images.s3.cardmarket.com/1/JUD/2149/2149.jpg";"N"
"=""2103086049""";"=""378330""";"Controevocazione";"";"";"";"Set base 2020";"Common";"";"NM";"Near Mint";"N";"";"";"0,10";"0,10";"1";"0,10";"https://www.cardmarket.com/it/Magic/Products/Singles/Core-2020/Unsummon";"https://product-images.s3.cardmarket.com/1/M20/378330/378330.jpg";"N"
"=""2103087642""";"=""470824""";"Astuzia del Ranger";"";"";"";"Set Base 2021";"Common";"";"NM";"Near Mint";"N";"";"";"0,10";"0,10";"1";"0,10";"https://www.cardmarket.com/it/Magic/Products/Singles/Core-Set-2021/Rangers-Guile";"https://product-images.s3.cardmarket.com/1/M21/470824/470824.jpg";"N"
"=""2101879586""";"=""2896""";"Angelo Caduto";"";"";"";"Settima Edizione";"Rare";"";"NM";"Near Mint";"N";"";"";"0,30";"0,30";"1";"0,30";"https://www.cardmarket.com/it/Magic/Products/Singles/Seventh-Edition/Fallen-Angel";"https://product-images.s3.cardmarket.com/1/7ED/2896/2896.jpg";"N"
"=""2102890417""";"=""19731""";"Angelo Stoico";"";"";"";"Shards of Alara";"Rare";"";"NM";"Near Mint";"N";"";"";"0,30";"0,30";"1";"0,30";"https://www.cardmarket.com/it/Magic/Products/Singles/Shards-of-Alara/Stoic-Angel";"https://product-images.s3.cardmarket.com/1/ALA/19731/19731.jpg";"N"
"=""2101869037""";"=""19832""";"Arcidemone di Unx";"";"";"";"Shards of Alara";"Rare";"";"NM";"Near Mint";"N";"";"";"0,20";"0,20";"1";"0,20";"https://www.cardmarket.com/it/Magic/Products/Singles/Shards-of-Alara/Archdemon-of-Unx";"https://product-images.s3.cardmarket.com/1/ALA/19832/19832.jpg";"N"
"=""2103084653""";"=""19939""";"Benedizione del Sigillo";"";"";"";"Shards of Alara";"Common";"";"NM";"Near Mint";"N";"";"";"0,10";"0,10";"1";"0,10";"https://www.cardmarket.com/it/Magic/Products/Singles/Shards-of-Alara/Sigil-Blessing";"https://product-images.s3.cardmarket.com/1/ALA/19939/19939.jpg";"N"
"=""2101899623""";"=""19865""";"Tuono Infernale";"";"";"";"Shards of Alara";"Rare";"";"NM";"Near Mint";"N";"";"";"0,20";"0,20";"1";"0,20";"https://www.cardmarket.com/it/Magic/Products/Singles/Shards-of-Alara/Hell-s-Thunder";"https://product-images.s3.cardmarket.com/1/ALA/19865/19865.jpg";"N"
"=""2101745758""";"=""19945""";"Ultimatum Violento";"";"";"";"Shards of Alara";"Rare";"";"NM";"Near Mint";"N";"";"";"0,40";"0,40";"1";"0,40";"https://www.cardmarket.com/it/Magic/Products/Singles/Shards-of-Alara/Violent-Ultimatum";"https://product-images.s3.cardmarket.com/1/ALA/19945/19945.jpg";"N"
"=""2101680834""";"=""880755""";"Arcimago Emerito";"";"";"";"Special Guests";"Mythic";"";"NM";"Near Mint";"N";"";"";"3,50";"3,50";"1";"3,50";"https://www.cardmarket.com/it/Magic/Products/Singles/Special-Guests/Archmage-Emeritus";"https://product-images.s3.cardmarket.com/1/SPG/880755/880755.jpg";"N"
"=""2102871138""";"=""14039""";"Abbraccio della Vegetazione";"";"";"";"Spirale Temporale";"Rare";"";"NM";"Near Mint";"N";"";"";"0,20";"0,20";"1";"0,20";"https://www.cardmarket.com/it/Magic/Products/Singles/Time-Spiral/Verdant-Embrace";"https://product-images.s3.cardmarket.com/1/TSP/14039/14039.jpg";"N"
"=""2101819983""";"=""13992""";"Asprociglio, Eroe di Krosa";"";"";"";"Spirale Temporale";"Rare";"";"NM";"Near Mint";"N";"";"";"1,50";"1,50";"1";"1,50";"https://www.cardmarket.com/it/Magic/Products/Singles/Time-Spiral/Stonebrow-Krosan-Hero";"https://product-images.s3.cardmarket.com/1/TSP/13992/13992.jpg";"N"
"=""2101742714""";"=""13992""";"Asprociglio, Eroe di Krosa";"";"";"";"Spirale Temporale";"Rare";"";"NM";"Near Mint";"N";"";"";"0,40";"0,40";"1";"0,40";"https://www.cardmarket.com/it/Magic/Products/Singles/Time-Spiral/Stonebrow-Krosan-Hero";"https://product-images.s3.cardmarket.com/1/TSP/13992/13992.jpg";"N"
"=""2101926946""";"=""13783""";"Candele di Leng";"";"";"";"Spirale Temporale";"Rare";"";"EX";"Excellent";"N";"";"";"0,20";"0,20";"1";"0,20";"https://www.cardmarket.com/it/Magic/Products/Singles/Time-Spiral/Candles-of-Leng";"https://product-images.s3.cardmarket.com/1/TSP/13783/13783.jpg";"N"
"=""2101874943""";"=""13808""";"Collusione Demoniaca";"";"";"";"Spirale Temporale";"Rare";"";"NM";"Near Mint";"N";"";"";"0,20";"0,20";"1";"0,20";"https://www.cardmarket.com/it/Magic/Products/Singles/Time-Spiral/Demonic-Collusion";"https://product-images.s3.cardmarket.com/1/TSP/13808/13808.jpg";"N"
"=""2101864833""";"=""14055""";"Convocawurm";"";"";"";"Spirale Temporale";"Rare";"";"NM";"Near Mint";"N";"";"";"0,20";"0,20";"1";"0,20";"https://www.cardmarket.com/it/Magic/Products/Singles/Time-Spiral/Wurmcalling";"https://product-images.s3.cardmarket.com/1/TSP/14055/14055.jpg";"N"
"=""2101857972""";"=""13792""";"Cronosapiente";"";"";"";"Spirale Temporale";"Rare";"";"NM";"Near Mint";"N";"";"";"0,20";"0,20";"1";"0,20";"https://www.cardmarket.com/it/Magic/Products/Singles/Time-Spiral/Chronosavant";"https://product-images.s3.cardmarket.com/1/TSP/13792/13792.jpg";"N"
"=""2101833267""";"=""13997""";"Custode della Fortezza";"";"";"";"Spirale Temporale";"Rare";"";"LP";"Light Played";"N";"";"";"0,20";"0,20";"1";"0,20";"https://www.cardmarket.com/it/Magic/Products/Singles/Time-Spiral/Stronghold-Overseer";"https://product-images.s3.cardmarket.com/1/TSP/13997/13997.jpg";"N"
"=""2101739968""";"=""13932""";"Drago Pardico";"";"";"";"Spirale Temporale";"Rare";"";"EX";"Excellent";"N";"";"";"0,20";"0,20";"2";"0,40";"https://www.cardmarket.com/it/Magic/Products/Singles/Time-Spiral/Pardic-Dragon";"https://product-images.s3.cardmarket.com/1/TSP/13932/13932.jpg";"N"
"=""2102865675""";"=""13812""";"Dralnu, Signore dei Lich";"";"";"";"Spirale Temporale";"Rare";"";"EX";"Excellent";"N";"";"";"0,20";"0,20";"1";"0,20";"https://www.cardmarket.com/it/Magic/Products/Singles/Time-Spiral/Dralnu-Lich-Lord";"https://product-images.s3.cardmarket.com/1/TSP/13812/13812.jpg";"N"
"=""2101867222""";"=""14019""";"Eremita Seguace di Thelon";"";"";"";"Spirale Temporale";"Rare";"";"NM";"Near Mint";"N";"";"";"0,20";"0,20";"1";"0,20";"https://www.cardmarket.com/it/Magic/Products/Singles/Time-Spiral/Thelonite-Hermit";"https://product-images.s3.cardmarket.com/1/TSP/14019/14019.jpg";"N"
"=""2101833916""";"=""13826""";"Evangelizzare";"";"";"";"Spirale Temporale";"Rare";"";"EX";"Excellent";"N";"";"";"0,20";"0,20";"3";"0,60";"https://www.cardmarket.com/it/Magic/Products/Singles/Time-Spiral/Evangelize";"https://product-images.s3.cardmarket.com/1/TSP/13826/13826.jpg";"N"
"=""2101865599""";"=""13993""";"Evocazione di Boscopietra";"";"";"";"Spirale Temporale";"Rare";"";"NM";"Near Mint";"N";"";"";"0,20";"0,20";"1";"0,20";"https://www.cardmarket.com/it/Magic/Products/Singles/Time-Spiral/Stonewood-Invocation";"https://product-images.s3.cardmarket.com/1/TSP/13993/13993.jpg";"N"
"=""2101914125""";"=""13989""";"Folletta Nobile";"";"";"";"Spirale Temporale";"Rare";"";"EX";"Excellent";"N";"";"";"0,20";"0,20";"1";"0,20";"https://www.cardmarket.com/it/Magic/Products/Singles/Time-Spiral/Sprite-Noble";"https://product-images.s3.cardmarket.com/1/TSP/13989/13989.jpg";"N"
"=""2101858339""";"=""13925""";"Guardiano d'Opale";"";"";"";"Spirale Temporale";"Rare";"";"NM";"Near Mint";"N";"";"";"0,20";"0,20";"2";"0,40";"https://www.cardmarket.com/it/Magic/Products/Singles/Time-Spiral/Opal-Guardian";"https://product-images.s3.cardmarket.com/1/TSP/13925/13925.jpg";"N"
"=""2101853845""";"=""14049""";"Guardie del Corpo Navigate";"";"";"";"Spirale Temporale";"Rare";"";"NM";"Near Mint";"N";"";"";"0,20";"0,20";"1";"0,20";"https://www.cardmarket.com/it/Magic/Products/Singles/Time-Spiral/Weathered-Bodyguards";"https://product-images.s3.cardmarket.com/1/TSP/14049/14049.jpg";"N"
"=""2101915074""";"=""13872""";"Ib Mezzocuore, Stratega Goblin";"";"";"";"Spirale Temporale";"Rare";"";"EX";"Excellent";"N";"";"";"0,30";"0,30";"1";"0,30";"https://www.cardmarket.com/it/Magic/Products/Singles/Time-Spiral/Ib-Halfheart-Goblin-Tactician";"https://product-images.s3.cardmarket.com/1/TSP/13872/13872.jpg";"N"
"=""2101924899""";"=""13965""";"Imperi di Sarpadia, Vol. VII";"";"";"";"Spirale Temporale";"Rare";"";"EX";"Excellent";"N";"";"";"0,20";"0,20";"1";"0,20";"https://www.cardmarket.com/it/Magic/Products/Singles/Time-Spiral/Sarpadian-Empires-Vol-VII";"https://product-images.s3.cardmarket.com/1/TSP/13965/13965.jpg";"N"
"=""2101866576""";"=""13871""";"Ipergenesi";"";"";"";"Spirale Temporale";"Rare";"";"NM";"Near Mint";"N";"";"";"0,50";"0,50";"1";"0,50";"https://www.cardmarket.com/it/Magic/Products/Singles/Time-Spiral/Hypergenesis";"https://product-images.s3.cardmarket.com/1/TSP/13871/13871.jpg";"N"
"=""2101742438""";"=""13880""";"Ith, Sommo Arcanista";"";"";"";"Spirale Temporale";"Rare";"";"NM";"Near Mint";"N";"";"";"0,20";"0,20";"1";"0,20";"https://www.cardmarket.com/it/Magic/Products/Singles/Time-Spiral/Ith-High-Arcanist";"https://product-images.s3.cardmarket.com/1/TSP/13880/13880.jpg";"N"
"=""2101832132""";"=""13882""";"Ixidron";"";"";"";"Spirale Temporale";"Rare";"";"EX";"Excellent";"N";"";"";"0,20";"0,20";"1";"0,20";"https://www.cardmarket.com/it/Magic/Products/Singles/Time-Spiral/Ixidron";"https://product-images.s3.cardmarket.com/1/TSP/13882/13882.jpg";"N"
"=""2101915189""";"=""13883""";"Jaya Ballard, Maga Specialista";"";"";"";"Spirale Temporale";"Rare";"";"EX";"Excellent";"N";"";"";"0,20";"0,20";"1";"0,20";"https://www.cardmarket.com/it/Magic/Products/Singles/Time-Spiral/Jaya-Ballard-Task-Mage";"https://product-images.s3.cardmarket.com/1/TSP/13883/13883.jpg";"N"
"=""2101743074""";"=""13886""";"Kaervek lo Spietato";"";"";"";"Spirale Temporale";"Rare";"";"NM";"Near Mint";"N";"";"";"0,40";"0,40";"2";"0,80";"https://www.cardmarket.com/it/Magic/Products/Singles/Time-Spiral/Kaervek-the-Merciless";"https://product-images.s3.cardmarket.com/1/TSP/13886/13886.jpg";"N"
"=""2101830086""";"=""13806""";"Kraken delle Profondità";"";"";"";"Spirale Temporale";"Rare";"";"NM";"Near Mint";"N";"";"";"0,60";"0,60";"1";"0,60";"https://www.cardmarket.com/it/Magic/Products/Singles/Time-Spiral/Deep-Sea-Kraken";"https://product-images.s3.cardmarket.com/1/TSP/13806/13806.jpg";"N"
"=""2101876438""";"=""13893""";"Lim-Dûl il Necromante";"";"";"";"Spirale Temporale";"Rare";"";"NM";"Near Mint";"N";"";"";"0,20";"0,20";"1";"0,20";"https://www.cardmarket.com/it/Magic/Products/Singles/Time-Spiral/LimDul-the-Necromancer";"https://product-images.s3.cardmarket.com/1/TSP/13893/13893.jpg";"N"
"=""2101866230""";"=""13991""";"Linea di Burrasca";"";"";"";"Spirale Temporale";"Rare";"";"NM";"Near Mint";"N";"";"";"0,20";"0,20";"1";"0,20";"https://www.cardmarket.com/it/Magic/Products/Singles/Time-Spiral/Squall-Line";"https://product-images.s3.cardmarket.com/1/TSP/13991/13991.jpg";"N"
"=""2101834827""";"=""13899""";"Magus del Disco";"";"";"";"Spirale Temporale";"Rare";"";"EX";"Excellent";"N";"";"";"0,20";"0,20";"3";"0,60";"https://www.cardmarket.com/it/Magic/Products/Singles/Time-Spiral/Magus-of-the-Disk";"https://product-images.s3.cardmarket.com/1/TSP/13899/13899.jpg";"N"
"=""2101915269""";"=""13902""";"Magus della Pergamena";"";"";"";"Spirale Temporale";"Rare";"";"EX";"Excellent";"N";"";"";"0,20";"0,20";"1";"0,20";"https://www.cardmarket.com/it/Magic/Products/Singles/Time-Spiral/Magus-of-the-Scroll";"https://product-images.s3.cardmarket.com/1/TSP/13902/13902.jpg";"N"
"=""2101876582""";"=""13901""";"Magus dello Specchio";"";"";"";"Spirale Temporale";"Rare";"";"NM";"Near Mint";"N";"";"";"0,20";"0,20";"1";"0,20";"https://www.cardmarket.com/it/Magic/Products/Singles/Time-Spiral/Magus-of-the-Mirror";"https://product-images.s3.cardmarket.com/1/TSP/13901/13901.jpg";"N"
"=""2101875827""";"=""13801""";"Maledizione della Cabala";"";"";"";"Spirale Temporale";"Rare";"";"NM";"Near Mint";"N";"";"";"0,30";"0,30";"1";"0,30";"https://www.cardmarket.com/it/Magic/Products/Singles/Time-Spiral/Curse-of-the-Cabal";"https://product-images.s3.cardmarket.com/1/TSP/13801/13801.jpg";"N"
"=""2101743253""";"=""13909""";"Mishra, Artefice Prodigio";"";"";"";"Spirale Temporale";"Rare";"";"NM";"Near Mint";"N";"";"";"0,40";"0,40";"2";"0,80";"https://www.cardmarket.com/it/Magic/Products/Singles/Time-Spiral/Mishra-Artificer-Prodigy";"https://product-images.s3.cardmarket.com/1/TSP/13909/13909.jpg";"N"
"=""2101875185""";"=""13973""";"Nosferatu di Sengir";"";"";"";"Spirale Temporale";"Rare";"";"NM";"Near Mint";"N";"";"";"0,20";"0,20";"1";"0,20";"https://www.cardmarket.com/it/Magic/Products/Singles/Time-Spiral/Sengir-Nosferatu";"https://product-images.s3.cardmarket.com/1/TSP/13973/13973.jpg";"N"
"=""2101854725""";"=""13934""";"Paladino Pentarca";"";"";"";"Spirale Temporale";"Rare";"";"NM";"Near Mint";"N";"";"";"0,20";"0,20";"1";"0,20";"https://www.cardmarket.com/it/Magic/Products/Singles/Time-Spiral/Pentarch-Paladin";"https://product-images.s3.cardmarket.com/1/TSP/13934/13934.jpg";"N"
"=""2101900459""";"=""14053""";"Parola di Possesso";"";"";"";"Spirale Temporale";"Rare";"";"NM";"Near Mint";"N";"";"";"0,20";"0,20";"1";"0,20";"https://www.cardmarket.com/it/Magic/Products/Singles/Time-Spiral/Word-of-Seizing";"https://product-images.s3.cardmarket.com/1/TSP/14053/14053.jpg";"N"
"=""2101745994""";"=""13930""";"Piuma del Paradiso";"";"";"";"Spirale Temporale";"Uncommon";"";"NM";"Near Mint";"N";"";"";"0,20";"0,20";"1";"0,20";"https://www.cardmarket.com/it/Magic/Products/Singles/Time-Spiral/Paradise-Plume";"https://product-images.s3.cardmarket.com/1/TSP/13930/13930.jpg";"N"
"=""2101814466""";"=""13984""";"Pungiglione Coltivatore";"";"";"";"Spirale Temporale";"Rare";"";"NM";"Near Mint";"N";"";"";"0,20";"0,20";"1";"0,20";"https://www.cardmarket.com/it/Magic/Products/Singles/Time-Spiral/Spike-Tiller";"https://product-images.s3.cardmarket.com/1/TSP/13984/13984.jpg";"N"
"=""2101711866""";"=""14132""";"Resurrezione";"";"";"";"Spirale Temporale";"Time Shifted";"";"GD";"Good";"N";"";"";"0,20";"0,20";"1";"0,20";"https://www.cardmarket.com/it/Magic/Products/Singles/Time-Spiral/Resurrection";"https://product-images.s3.cardmarket.com/1/TSP/14132/14132.jpg";"N"
"=""2101865049""";"=""14018""";"Thelon di Havenwood";"";"";"";"Spirale Temporale";"Rare";"";"NM";"Near Mint";"N";"";"";"0,20";"0,20";"1";"0,20";"https://www.cardmarket.com/it/Magic/Products/Singles/Time-Spiral/Thelon-of-Havenwood";"https://product-images.s3.cardmarket.com/1/TSP/14018/14018.jpg";"N"
"=""2101854050""";"=""14024""";"Tivadar di Thorn";"";"";"";"Spirale Temporale";"Rare";"";"NM";"Near Mint";"N";"";"";"0,20";"0,20";"1";"0,20";"https://www.cardmarket.com/it/Magic/Products/Singles/Time-Spiral/Tivadar-of-Thorn";"https://product-images.s3.cardmarket.com/1/TSP/14024/14024.jpg";"N"
"=""2101866880""";"=""13849""";"Tramutante Fungus";"";"";"";"Spirale Temporale";"Rare";"";"NM";"Near Mint";"N";"";"";"0,20";"0,20";"1";"0,20";"https://www.cardmarket.com/it/Magic/Products/Singles/Time-Spiral/Fungus-Sliver";"https://product-images.s3.cardmarket.com/1/TSP/13849/13849.jpg";"N"
"=""2101859196""";"=""13954""";"Tramutante Polmonare";"";"";"";"Spirale Temporale";"Rare";"";"NM";"Near Mint";"N";"";"";"0,20";"0,20";"1";"0,20";"https://www.cardmarket.com/it/Magic/Products/Singles/Time-Spiral/Pulmonic-Sliver";"https://product-images.s3.cardmarket.com/1/TSP/13954/13954.jpg";"N"
"=""2101816133""";"=""13941""";"Tramutante della Peste";"";"";"";"Spirale Temporale";"Rare";"";"EX";"Excellent";"N";"";"";"0,20";"0,20";"2";"0,40";"https://www.cardmarket.com/it/Magic/Products/Singles/Time-Spiral/Plague-Sliver";"https://product-images.s3.cardmarket.com/1/TSP/13941/13941.jpg";"N"
"=""2101925778""";"=""14029""";"Triskelavus";"";"";"";"Spirale Temporale";"Rare";"";"EX";"Excellent";"N";"";"";"0,20";"0,20";"1";"0,20";"https://www.cardmarket.com/it/Magic/Products/Singles/Time-Spiral/Triskelavus";"https://product-images.s3.cardmarket.com/1/TSP/14029/14029.jpg";"N"
"=""2101876291""";"=""13891""";"Vassallo dell'Abisso";"";"";"";"Spirale Temporale";"Rare";"";"NM";"Near Mint";"N";"";"";"0,20";"0,20";"1";"0,20";"https://www.cardmarket.com/it/Magic/Products/Singles/Time-Spiral/Liege-of-the-Pit";"https://product-images.s3.cardmarket.com/1/TSP/13891/13891.jpg";"N"
"=""2101854482""";"=""542596""";"Mangara di Corondor";"";"";"";"Spirale Temporale Remastered";"Rare";"";"NM";"Near Mint";"N";"";"";"0,20";"0,20";"1";"0,20";"https://www.cardmarket.com/it/Magic/Products/Singles/Time-Spiral-Remastered/Mangara-of-Corondor";"https://product-images.s3.cardmarket.com/1/TSR/542596/542596.jpg";"N"
"=""2103085837""";"=""558018""";"Saggia della Simmetria";"";"";"";"Strixhaven: Scuola dei Maghi";"Uncommon";"";"NM";"Near Mint";"N";"";"";"0,10";"0,10";"1";"0,10";"https://www.cardmarket.com/it/Magic/Products/Singles/Strixhaven-School-of-Mages/Symmetry-Sage";"https://product-images.s3.cardmarket.com/1/STX/558018/558018.jpg";"N"
"=""2101935803""";"=""818119""";"Accampamento Dalkovan";"";"";"";"Tarkir: La Dracotempesta";"Rare";"";"NM";"Near Mint";"N";"";"";"0,20";"0,20";"1";"0,20";"https://www.cardmarket.com/it/Magic/Products/Singles/Tarkir-Dragonstorm/Dalkovan-Encampment";"https://product-images.s3.cardmarket.com/1/TDM/818119/818119.jpg";"N"
"=""2102907855""";"=""817942""";"Assalto dei Cavalcadraghi";"";"";"";"Tarkir: La Dracotempesta";"Mythic";"";"NM";"Near Mint";"N";"";"";"1,20";"1,20";"1";"1,20";"https://www.cardmarket.com/it/Magic/Products/Singles/Tarkir-Dragonstorm/Dragonback-Assault";"https://product-images.s3.cardmarket.com/1/TDM/817942/817942.jpg";"N"
"=""2102875792""";"=""817820""";"Fronte Unito";"";"";"";"Tarkir: La Dracotempesta";"Rare";"";"NM";"Near Mint";"N";"";"";"0,20";"0,20";"1";"0,20";"https://www.cardmarket.com/it/Magic/Products/Singles/Tarkir-Dragonstorm/United-Battlefront";"https://product-images.s3.cardmarket.com/1/TDM/817820/817820.jpg";"N"
"=""2103090973""";"=""817948""";"La Cerimonia Sibsig";"";"";"";"Tarkir: La Dracotempesta";"Rare";"";"NM";"Near Mint";"N";"";"";"0,20";"0,20";"1";"0,20";"https://www.cardmarket.com/it/Magic/Products/Singles/Tarkir-Dragonstorm/The-Sibsig-Ceremony";"https://product-images.s3.cardmarket.com/1/TDM/817948/817948.jpg";"N"
"=""2103091226""";"=""818208""";"Lottatrice Afferrafiamme";"";"";"";"Tarkir: La Dracotempesta";"Rare";"";"NM";"Near Mint";"N";"";"";"0,20";"0,20";"1";"0,20";"https://www.cardmarket.com/it/Magic/Products/Singles/Tarkir-Dragonstorm/Flamehold-Grappler";"https://product-images.s3.cardmarket.com/1/TDM/818208/818208.jpg";"N"
"=""2101937974""";"=""818118""";"Monastero del Monte Cori";"";"";"";"Tarkir: La Dracotempesta";"Rare";"";"NM";"Near Mint";"N";"";"";"0,50";"0,50";"1";"0,50";"https://www.cardmarket.com/it/Magic/Products/Singles/Tarkir-Dragonstorm/Cori-Mountain-Monastery";"https://product-images.s3.cardmarket.com/1/TDM/818118/818118.jpg";"N"
"=""2103097182""";"=""817862""";"Narset, Maestra della Via Jeskai";"";"";"";"Tarkir: La Dracotempesta";"Rare";"";"NM";"Near Mint";"N";"";"";"0,50";"0,50";"1";"0,50";"https://www.cardmarket.com/it/Magic/Products/Singles/Tarkir-Dragonstorm/Narset-Jeskai-Waymaster";"https://product-images.s3.cardmarket.com/1/TDM/817862/817862.jpg";"N"
"=""2102908125""";"=""817937""";"Nibbio Infernale Magmatico";"";"";"";"Tarkir: La Dracotempesta";"Rare";"";"NM";"Near Mint";"N";"";"";"0,50";"0,50";"1";"0,50";"https://www.cardmarket.com/it/Magic/Products/Singles/Tarkir-Dragonstorm/Magmatic-Hellkite";"https://product-images.s3.cardmarket.com/1/TDM/817937/817937.jpg";"N"
"=""2101936637""";"=""817868""";"Riscoprire la Via";"";"";"";"Tarkir: La Dracotempesta";"Rare";"";"NM";"Near Mint";"N";"";"";"0,20";"0,20";"1";"0,20";"https://www.cardmarket.com/it/Magic/Products/Singles/Tarkir-Dragonstorm/Rediscover-the-Way";"https://product-images.s3.cardmarket.com/1/TDM/817868/817868.jpg";"N"
"=""2103091109""";"=""817941""";"Risvegliare gli Onorati Defunti";"";"";"";"Tarkir: La Dracotempesta";"Rare";"";"NM";"Near Mint";"N";"";"";"0,20";"0,20";"1";"0,20";"https://www.cardmarket.com/it/Magic/Products/Singles/Tarkir-Dragonstorm/Awaken-the-Honored-Dead";"https://product-images.s3.cardmarket.com/1/TDM/817941/817941.jpg";"N"
"=""2101936690""";"=""817842""";"Sarkhan, Dominatore di Draghi";"";"";"";"Tarkir: La Dracotempesta";"Rare";"";"NM";"Near Mint";"N";"";"";"0,20";"0,20";"1";"0,20";"https://www.cardmarket.com/it/Magic/Products/Singles/Tarkir-Dragonstorm/Sarkhan-Dragon-Ascendant";"https://product-images.s3.cardmarket.com/1/TDM/817842/817842.jpg";"N"
"=""2101936743""";"=""819374""";"Spezzassedi Mardu";"";"";"";"Tarkir: La Dracotempesta";"Rare";"";"NM";"Near Mint";"N";"";"";"0,20";"0,20";"1";"0,20";"https://www.cardmarket.com/it/Magic/Products/Singles/Tarkir-Dragonstorm/Mardu-Siegebreaker";"https://product-images.s3.cardmarket.com/1/TDM/819374/819374.jpg";"N"
"=""2101935702""";"=""818135""";"Vendicatrice dei Caduti";"";"";"";"Tarkir: La Dracotempesta";"Rare";"";"NM";"Near Mint";"N";"";"";"0,20";"0,20";"1";"0,20";"https://www.cardmarket.com/it/Magic/Products/Singles/Tarkir-Dragonstorm/Avenger-of-the-Fallen";"https://product-images.s3.cardmarket.com/1/TDM/818135/818135.jpg";"N"
"=""2101936814""";"=""818309""";"Villaggio Kishla";"";"";"";"Tarkir: La Dracotempesta";"Rare";"";"NM";"Near Mint";"N";"";"";"0,20";"0,20";"1";"0,20";"https://www.cardmarket.com/it/Magic/Products/Singles/Tarkir-Dragonstorm/Kishla-Village";"https://product-images.s3.cardmarket.com/1/TDM/818309/818309.jpg";"N"
"=""2101935577""";"=""817993""";"Assedio della Steppa Desolata";"";"";"";"Tarkir: La Dracotempesta: Extras";"Rare";"";"NM";"Near Mint";"N";"";"";"1,00";"1,00";"1";"1,00";"https://www.cardmarket.com/it/Magic/Products/Singles/Tarkir-Dragonstorm-Extras/Barrensteppe-Siege";"https://product-images.s3.cardmarket.com/1/XTDM/817993/817993.jpg";"N"
"=""2103096853""";"=""817959""";"Dracotempesta Torbida";"";"";"";"Tarkir: La Dracotempesta: Extras";"Uncommon";"";"NM";"Near Mint";"N";"";"";"0,70";"0,70";"1";"0,70";"https://www.cardmarket.com/it/Magic/Products/Singles/Tarkir-Dragonstorm-Extras/Roiling-Dragonstorm";"https://product-images.s3.cardmarket.com/1/XTDM/817959/817959.jpg";"N"
"=""2102907633""";"=""817992""";"Risvegliare gli Onorati Defunti";"";"";"";"Tarkir: La Dracotempesta: Extras";"Rare";"";"NM";"Near Mint";"N";"";"";"0,90";"0,90";"1";"0,90";"https://www.cardmarket.com/it/Magic/Products/Singles/Tarkir-Dragonstorm-Extras/Awaken-the-Honored-Dead";"https://product-images.s3.cardmarket.com/1/XTDM/817992/817992.jpg";"N"
"=""2101912411""";"=""8810""";"Mawcor";"";"";"";"Tempesta";"Rare";"";"EX";"Excellent";"N";"";"";"0,40";"0,40";"1";"0,40";"https://www.cardmarket.com/it/Magic/Products/Singles/Tempest/Mawcor";"https://product-images.s3.cardmarket.com/1/TP/8810/8810.jpg";"N"
"=""2103087479""";"=""8882""";"Scragnoth";"";"";"";"Tempesta";"Uncommon";"";"NM";"Near Mint";"N";"";"";"0,40";"0,40";"1";"0,40";"https://www.cardmarket.com/it/Magic/Products/Singles/Tempest/Scragnoth";"https://product-images.s3.cardmarket.com/1/TP/8882/8882.jpg";"N"
"=""2101910499""";"=""2292""";"Ambasciatore Laquatus";"";"";"";"Tormento";"Rare";"";"EX";"Excellent";"N";"";"";"0,30";"0,30";"1";"0,30";"https://www.cardmarket.com/it/Magic/Products/Singles/Torment/Ambassador-Laquatus";"https://product-images.s3.cardmarket.com/1/TOR/2292/2292.jpg";"N"
"=""2101851437""";"=""2270""";"Angelo del Castigo";"";"";"";"Tormento";"Rare";"";"NM";"Near Mint";"N";"";"";"0,30";"0,30";"1";"0,30";"https://www.cardmarket.com/it/Magic/Products/Singles/Torment/Angel-of-Retribution";"https://product-images.s3.cardmarket.com/1/TOR/2270/2270.jpg";"N"
"=""2101910727""";"=""2314""";"Aviano Posseduto";"";"";"";"Tormento";"Rare";"";"EX";"Excellent";"N";"";"";"0,20";"0,20";"1";"0,20";"https://www.cardmarket.com/it/Magic/Products/Singles/Torment/Possessed-Aven";"https://product-images.s3.cardmarket.com/1/TOR/2314/2314.jpg";"N"
"=""2101921180""";"=""2360""";"Balthor l'Intrepido";"";"";"";"Tormento";"Rare";"";"EX";"Excellent";"N";"";"";"0,20";"0,20";"1";"0,20";"https://www.cardmarket.com/it/Magic/Products/Singles/Torment/Balthor-the-Stout";"https://product-images.s3.cardmarket.com/1/TOR/2360/2360.jpg";"N"
"=""2101921112""";"=""2380""";"Barbaro Posseduto";"";"";"";"Tormento";"Rare";"";"EX";"Excellent";"N";"";"";"0,20";"0,20";"1";"0,20";"https://www.cardmarket.com/it/Magic/Products/Singles/Torment/Possessed-Barbarian";"https://product-images.s3.cardmarket.com/1/TOR/2380/2380.jpg";"N"
"=""2101903366""";"=""2406""";"Centauro Posseduto";"";"";"";"Tormento";"Rare";"";"GD";"Good";"N";"";"";"0,20";"0,20";"1";"0,20";"https://www.cardmarket.com/it/Magic/Products/Singles/Torment/Possessed-Centaur";"https://product-images.s3.cardmarket.com/1/TOR/2406/2406.jpg";"N"
"=""2101851578""";"=""2277""";"Maggiore Teroh";"";"";"";"Tormento";"Rare";"";"NM";"Near Mint";"N";"";"";"0,30";"0,30";"1";"0,30";"https://www.cardmarket.com/it/Magic/Products/Singles/Torment/Major-Teroh";"https://product-images.s3.cardmarket.com/1/TOR/2277/2277.jpg";"N"
"=""2101921036""";"=""2377""";"Petradonte";"";"";"";"Tormento";"Rare";"";"EX";"Excellent";"N";"";"";"0,20";"0,20";"1";"0,20";"https://www.cardmarket.com/it/Magic/Products/Singles/Torment/Petradon";"https://product-images.s3.cardmarket.com/1/TOR/2377/2377.jpg";"N"
"=""2101910986""";"=""2300""";"Vandalo Cefalide";"";"";"";"Tormento";"Rare";"";"EX";"Excellent";"N";"";"";"0,20";"0,20";"1";"0,20";"https://www.cardmarket.com/it/Magic/Products/Singles/Torment/Cephalid-Vandal";"https://product-images.s3.cardmarket.com/1/TOR/2300/2300.jpg";"N"
"=""2102874552""";"=""12931""";"Ciò Che Fu Preso";"";"";"";"Traditori di Kamigawa";"Rare";"";"NM";"Near Mint";"N";"";"";"0,90";"0,90";"1";"0,90";"https://www.cardmarket.com/it/Magic/Products/Singles/Betrayers-of-Kamigawa/That-Which-Was-Taken";"https://product-images.s3.cardmarket.com/1/BOK/12931/12931.jpg";"N"
"=""2101913069""";"=""12936""";"Domani, Famiglio di Azami";"";"";"";"Traditori di Kamigawa";"Rare";"";"EX";"Excellent";"N";"";"";"0,20";"0,20";"1";"0,20";"https://www.cardmarket.com/it/Magic/Products/Singles/Betrayers-of-Kamigawa/Tomorrow-Azamis-Familiar";"https://product-images.s3.cardmarket.com/1/BOK/12936/12936.jpg";"N"
"=""2101901818""";"=""12819""";"Fumiko Sanguepovero";"";"";"";"Traditori di Kamigawa";"Rare";"";"NM";"Near Mint";"N";"";"";"0,30";"0,30";"1";"0,30";"https://www.cardmarket.com/it/Magic/Products/Singles/Betrayers-of-Kamigawa/Fumiko-the-Lowblood";"https://product-images.s3.cardmarket.com/1/BOK/12819/12819.jpg";"N"
"=""2102892072""";"=""12824""";"Genju del Reame";"";"";"";"Traditori di Kamigawa";"Rare";"";"EX";"Excellent";"N";"";"";"0,40";"0,40";"1";"0,40";"https://www.cardmarket.com/it/Magic/Products/Singles/Betrayers-of-Kamigawa/Genju-of-the-Realm";"https://product-images.s3.cardmarket.com/1/BOK/12824/12824.jpg";"N"
"=""2102891909""";"=""12824""";"Genju del Reame";"";"";"";"Traditori di Kamigawa";"Rare";"";"NM";"Near Mint";"N";"";"";"0,50";"0,50";"1";"0,50";"https://www.cardmarket.com/it/Magic/Products/Singles/Betrayers-of-Kamigawa/Genju-of-the-Realm";"https://product-images.s3.cardmarket.com/1/BOK/12824/12824.jpg";"N"
"=""2101924527""";"=""12879""";"Globo dei Sogni";"";"";"";"Traditori di Kamigawa";"Rare";"";"EX";"Excellent";"N";"";"";"0,50";"0,50";"1";"0,50";"https://www.cardmarket.com/it/Magic/Products/Singles/Betrayers-of-Kamigawa/Orb-of-Dreams";"https://product-images.s3.cardmarket.com/1/BOK/12879/12879.jpg";"N"
"=""2101914449""";"=""12940""";"Invertire le Alleanze";"";"";"";"Traditori di Kamigawa";"Rare";"";"NM";"Near Mint";"N";"";"";"0,20";"0,20";"1";"0,20";"https://www.cardmarket.com/it/Magic/Products/Singles/Betrayers-of-Kamigawa/Twist-Allegiance";"https://product-images.s3.cardmarket.com/1/BOK/12940/12940.jpg";"N"
"=""2101901181""";"=""12845""";"Ishi-Ishi, Tiraspacca Akki";"";"";"";"Traditori di Kamigawa";"Rare";"";"NM";"Near Mint";"N";"";"";"0,20";"0,20";"1";"0,20";"https://www.cardmarket.com/it/Magic/Products/Singles/Betrayers-of-Kamigawa/IshiIshi-Akki-Crackshot";"https://product-images.s3.cardmarket.com/1/BOK/12845/12845.jpg";"N"
"=""2101828953""";"=""12845""";"Ishi-Ishi, Tiraspacca Akki";"";"";"";"Traditori di Kamigawa";"Rare";"";"NM";"Near Mint";"N";"";"";"0,30";"0,30";"2";"0,60";"https://www.cardmarket.com/it/Magic/Products/Singles/Betrayers-of-Kamigawa/IshiIshi-Akki-Crackshot";"https://product-images.s3.cardmarket.com/1/BOK/12845/12845.jpg";"N"
"=""2101925695""";"=""12880""";"Kanzashi Decorato";"";"";"";"Traditori di Kamigawa";"Rare";"";"EX";"Excellent";"N";"";"";"0,20";"0,20";"1";"0,20";"https://www.cardmarket.com/it/Magic/Products/Singles/Betrayers-of-Kamigawa/Ornate-Kanzashi";"https://product-images.s3.cardmarket.com/1/BOK/12880/12880.jpg";"N"
"=""2101868210""";"=""12855""";"Kodama dell'Albero Centrale";"";"";"";"Traditori di Kamigawa";"Rare";"";"NM";"Near Mint";"N";"";"";"0,20";"0,20";"1";"0,20";"https://www.cardmarket.com/it/Magic/Products/Singles/Betrayers-of-Kamigawa/Kodama-of-the-Center-Tree";"https://product-images.s3.cardmarket.com/1/BOK/12855/12855.jpg";"N"
"=""2101875346""";"=""12857""";"Kyoki, Declino della Ragione";"";"";"";"Traditori di Kamigawa";"Rare";"";"NM";"Near Mint";"N";"";"";"0,20";"0,20";"1";"0,20";"https://www.cardmarket.com/it/Magic/Products/Singles/Betrayers-of-Kamigawa/Kyoki-Sanitys-Eclipse";"https://product-images.s3.cardmarket.com/1/BOK/12857/12857.jpg";"N"
"=""2101817366""";"=""12861""";"Mannichi, Sogno Delirante";"";"";"";"Traditori di Kamigawa";"Rare";"";"EX";"Excellent";"N";"";"";"0,20";"0,20";"1";"0,20";"https://www.cardmarket.com/it/Magic/Products/Singles/Betrayers-of-Kamigawa/Mannichi-the-Fevered-Dream";"https://product-images.s3.cardmarket.com/1/BOK/12861/12861.jpg";"N"
"=""2101819264""";"=""12809""";"Memorie Preservate";"";"";"";"Traditori di Kamigawa";"Rare";"";"GD";"Good";"N";"";"";"0,20";"0,20";"1";"0,20";"https://www.cardmarket.com/it/Magic/Products/Singles/Betrayers-of-Kamigawa/Enshrined-Memories";"https://product-images.s3.cardmarket.com/1/BOK/12809/12809.jpg";"N"
"=""2101875499""";"=""12834""";"Morte dell'Eroe";"";"";"";"Traditori di Kamigawa";"Rare";"";"NM";"Near Mint";"N";"";"";"0,20";"0,20";"2";"0,40";"https://www.cardmarket.com/it/Magic/Products/Singles/Betrayers-of-Kamigawa/Hero-s-Demise";"https://product-images.s3.cardmarket.com/1/BOK/12834/12834.jpg";"N"
"=""2101835063""";"=""12882""";"Oyobi, Che Squarcia i Cieli";"";"";"";"Traditori di Kamigawa";"Rare";"";"EX";"Excellent";"N";"";"";"0,20";"0,20";"1";"0,20";"https://www.cardmarket.com/it/Magic/Products/Singles/Betrayers-of-Kamigawa/Oyobi-Who-Split-the-Heavens";"https://product-images.s3.cardmarket.com/1/BOK/12882/12882.jpg";"N"
"=""2101858953""";"=""12884""";"Patrono dei Kitsune";"";"";"";"Traditori di Kamigawa";"Rare";"";"NM";"Near Mint";"N";"";"";"0,30";"0,30";"1";"0,30";"https://www.cardmarket.com/it/Magic/Products/Singles/Betrayers-of-Kamigawa/Patron-of-the-Kitsune";"https://product-images.s3.cardmarket.com/1/BOK/12884/12884.jpg";"N"
"=""2101878785""";"=""12886""";"Patrono dei Nezumi";"";"";"";"Traditori di Kamigawa";"Rare";"";"NM";"Near Mint";"N";"";"";"0,20";"0,20";"1";"0,20";"https://www.cardmarket.com/it/Magic/Products/Singles/Betrayers-of-Kamigawa/Patron-of-the-Nezumi";"https://product-images.s3.cardmarket.com/1/BOK/12886/12886.jpg";"N"
"=""2101912958""";"=""12894""";"Ridurre ai Sogni";"";"";"";"Traditori di Kamigawa";"Rare";"";"EX";"Excellent";"N";"";"";"0,20";"0,20";"1";"0,20";"https://www.cardmarket.com/it/Magic/Products/Singles/Betrayers-of-Kamigawa/Reduce-to-Dreams";"https://product-images.s3.cardmarket.com/1/BOK/12894/12894.jpg";"N"
"=""2101867855""";"=""12899""";"Sakiko, Madre dell'Estate";"";"";"";"Traditori di Kamigawa";"Rare";"";"NM";"Near Mint";"N";"";"";"0,30";"0,30";"2";"0,60";"https://www.cardmarket.com/it/Magic/Products/Singles/Betrayers-of-Kamigawa/Sakiko-Mother-of-Summer";"https://product-images.s3.cardmarket.com/1/BOK/12899/12899.jpg";"N"
"=""2101830724""";"=""12802""";"Scontro di Realtà";"";"";"";"Traditori di Kamigawa";"Rare";"";"EX";"Excellent";"N";"";"";"0,20";"0,20";"2";"0,40";"https://www.cardmarket.com/it/Magic/Products/Singles/Betrayers-of-Kamigawa/Clash-of-Realities";"https://product-images.s3.cardmarket.com/1/BOK/12802/12802.jpg";"N"
"=""2101752736""";"=""12907""";"Shirei, Custode di Shizo";"";"";"";"Traditori di Kamigawa";"Rare";"";"NM";"Near Mint";"N";"";"";"0,40";"0,40";"1";"0,40";"https://www.cardmarket.com/it/Magic/Products/Singles/Betrayers-of-Kamigawa/Shirei-Shizos-Caretaker";"https://product-images.s3.cardmarket.com/1/BOK/12907/12907.jpg";"N"
"=""2101868416""";"=""12908""";"Shizuko, Richiamo d'Autunno";"";"";"";"Traditori di Kamigawa";"Rare";"";"NM";"Near Mint";"N";"";"";"0,50";"0,50";"2";"1,00";"https://www.cardmarket.com/it/Magic/Products/Singles/Betrayers-of-Kamigawa/Shizuko-Caller-of-Autumn";"https://product-images.s3.cardmarket.com/1/BOK/12908/12908.jpg";"N"
"=""2101925568""";"=""12915""";"Tora Dormiente";"";"";"";"Traditori di Kamigawa";"Rare";"";"EX";"Excellent";"N";"";"";"0,20";"0,20";"1";"0,20";"https://www.cardmarket.com/it/Magic/Products/Singles/Betrayers-of-Kamigawa/Slumbering-Tora";"https://product-images.s3.cardmarket.com/1/BOK/12915/12915.jpg";"N"
"=""2101858634""";"=""12949""";"Yomiji, Che Sbarra la Via";"";"";"";"Traditori di Kamigawa";"Rare";"";"NM";"Near Mint";"N";"";"";"0,40";"0,40";"1";"0,40";"https://www.cardmarket.com/it/Magic/Products/Singles/Betrayers-of-Kamigawa/Yomiji-Who-Bars-the-Way";"https://product-images.s3.cardmarket.com/1/BOK/12949/12949.jpg";"N"
"=""2101878612""";"=""12950""";"Yukora, il Prigioniero";"";"";"";"Traditori di Kamigawa";"Rare";"";"NM";"Near Mint";"N";"";"";"0,20";"0,20";"1";"0,20";"https://www.cardmarket.com/it/Magic/Products/Singles/Betrayers-of-Kamigawa/Yukora-the-Prisoner";"https://product-images.s3.cardmarket.com/1/BOK/12950/12950.jpg";"N"
"=""2101819738""";"=""19564""";"Dominus della Fedeltà";"";"";"";"Vespro";"Rare";"";"NM";"Near Mint";"N";"";"";"0,60";"0,60";"1";"0,60";"https://www.cardmarket.com/it/Magic/Products/Singles/Eventide/Dominus-of-Fealty";"https://product-images.s3.cardmarket.com/1/EVE/19564/19564.jpg";"N"
"=""2101900925""";"=""19525""";"Fulminafuria";"";"";"";"Vespro";"Rare";"";"NM";"Near Mint";"N";"";"";"0,20";"0,20";"1";"0,20";"https://www.cardmarket.com/it/Magic/Products/Singles/Eventide/Thunderblust";"https://product-images.s3.cardmarket.com/1/EVE/19525/19525.jpg";"N"
"=""2102894698""";"=""19560""";"Invocare il Solcacielo";"";"";"";"Vespro";"Rare";"";"NM";"Near Mint";"N";"";"";"0,20";"0,20";"1";"0,20";"https://www.cardmarket.com/it/Magic/Products/Singles/Eventide/Call-the-Skybreaker";"https://product-images.s3.cardmarket.com/1/EVE/19560/19560.jpg";"N"
"=""2102890014""";"=""19555""";"Rinascita di Pirro";"";"";"";"Vespro";"Rare";"";"EX";"Excellent";"N";"";"";"0,30";"0,30";"1";"0,30";"https://www.cardmarket.com/it/Magic/Products/Singles/Eventide/Pyrrhic-Revival";"https://product-images.s3.cardmarket.com/1/EVE/19555/19555.jpg";"N"
"=""2101838700""";"=""19633""";"Stemma Malizioso";"";"";"";"Vespro";"Rare";"";"NM";"Near Mint";"N";"";"";"0,70";"0,70";"1";"0,70";"https://www.cardmarket.com/it/Magic/Products/Singles/Eventide/Leering-Emblem";"https://product-images.s3.cardmarket.com/1/EVE/19633/19633.jpg";"N"
"=""2101817933""";"=""19594""";"Vassallo della Pira";"";"";"";"Vespro";"Rare";"";"NM";"Near Mint";"N";"";"";"1,00";"1,00";"1";"1,00";"https://www.cardmarket.com/it/Magic/Products/Singles/Eventide/Balefire-Liege";"https://product-images.s3.cardmarket.com/1/EVE/19594/19594.jpg";"N"
"=""2102870619""";"=""266645""";"Caposaldo della Volta Celeste";"";"";"";"Viaggio verso Nyx";"Rare";"";"NM";"Near Mint";"N";"";"";"0,30";"0,30";"2";"0,60";"https://www.cardmarket.com/it/Magic/Products/Singles/Journey-into-Nyx/Bearer-of-the-Heavens";"https://product-images.s3.cardmarket.com/1/JOU/266645/266645.jpg";"N"
"=""2101907437""";"=""266626""";"Condottiero della Banda Feres";"";"";"";"Viaggio verso Nyx";"Rare";"";"NM";"Near Mint";"N";"";"";"0,20";"0,20";"1";"0,20";"https://www.cardmarket.com/it/Magic/Products/Singles/Journey-into-Nyx/Pheres-Band-Warchief";"https://product-images.s3.cardmarket.com/1/JOU/266626/266626.jpg";"N"
"=""2101871565""";"=""266580""";"Gigante dalla Scia Funesta";"";"";"";"Viaggio verso Nyx";"Rare";"";"NM";"Near Mint";"N";"";"";"0,40";"0,40";"1";"0,40";"https://www.cardmarket.com/it/Magic/Products/Singles/Journey-into-Nyx/Doomwake-Giant";"https://product-images.s3.cardmarket.com/1/JOU/266580/266580.jpg";"N"
"=""2101907557""";"=""266625""";"Idra Protettrice della Covata";"";"";"";"Viaggio verso Nyx";"Rare";"";"NM";"Near Mint";"N";"";"";"0,20";"0,20";"1";"0,20";"https://www.cardmarket.com/it/Magic/Products/Singles/Journey-into-Nyx/Hydra-Broodmaster";"https://product-images.s3.cardmarket.com/1/JOU/266625/266625.jpg";"N"
"=""2101871743""";"=""266570""";"Soffocare Ogni Speranza";"";"";"";"Viaggio verso Nyx";"Rare";"";"NM";"Near Mint";"N";"";"";"0,30";"0,30";"1";"0,30";"https://www.cardmarket.com/it/Magic/Products/Singles/Journey-into-Nyx/Extinguish-All-Hope";"https://product-images.s3.cardmarket.com/1/JOU/266570/266570.jpg";"N"
"=""2101838136""";"=""14993""";"Angelo della Salvezza";"";"";"";"Visione Futura";"Rare";"";"NM";"Near Mint";"N";"";"";"0,20";"0,20";"3";"0,60";"https://www.cardmarket.com/it/Magic/Products/Singles/Future-Sight/Angel-of-Salvation";"https://product-images.s3.cardmarket.com/1/FUT/14993/14993.jpg";"N"
"=""2101739634""";"=""15062""";"Magus dell'Abisso";"";"";"";"Visione Futura";"Rare";"";"EX";"Excellent";"N";"";"";"0,20";"0,20";"2";"0,40";"https://www.cardmarket.com/it/Magic/Products/Singles/Future-Sight/Magus-of-the-Abyss";"https://product-images.s3.cardmarket.com/1/FUT/15062/15062.jpg";"N"
"=""2101839940""";"=""15064""";"Nihilith";"";"";"";"Visione Futura";"Rare";"";"EX";"Excellent";"N";"";"";"0,20";"0,20";"1";"0,20";"https://www.cardmarket.com/it/Magic/Products/Singles/Future-Sight/Nihilith";"https://product-images.s3.cardmarket.com/1/FUT/15064/15064.jpg";"N"
"=""2101835847""";"=""15068""";"Spettro Shimiano";"";"";"";"Visione Futura";"Rare";"";"EX";"Excellent";"N";"";"";"0,20";"0,20";"1";"0,20";"https://www.cardmarket.com/it/Magic/Products/Singles/Future-Sight/Shimian-Specter";"https://product-images.s3.cardmarket.com/1/FUT/15068/15068.jpg";"N"
"=""2103077499""";"=""22159""";"Calice Infinito";"";"";"";"Worldwake";"Uncommon";"";"NM";"Near Mint";"N";"";"";"0,30";"0,30";"1";"0,30";"https://www.cardmarket.com/it/Magic/Products/Singles/Worldwake/Everflowing-Chalice";"https://product-images.s3.cardmarket.com/1/WWK/22159/22159.jpg";"N"
"=""2103077575""";"=""22159""";"Calice Infinito";"";"";"";"Worldwake";"Uncommon";"";"NM";"Near Mint";"N";"";"";"0,30";"0,30";"1";"0,30";"https://www.cardmarket.com/it/Magic/Products/Singles/Worldwake/Everflowing-Chalice";"https://product-images.s3.cardmarket.com/1/WWK/22159/22159.jpg";"N"
"=""2101900042""";"=""22186""";"Drago Caustico";"";"";"";"Worldwake";"Rare";"";"NM";"Near Mint";"N";"";"";"0,20";"0,20";"1";"0,20";"https://www.cardmarket.com/it/Magic/Products/Singles/Worldwake/Mordant-Dragon";"https://product-images.s3.cardmarket.com/1/WWK/22186/22186.jpg";"N"
"=""2103074019""";"=""22125""";"Sabbie Mobili";"";"";"";"Worldwake";"Common";"";"NM";"Near Mint";"N";"";"";"0,10";"0,10";"1";"0,10";"https://www.cardmarket.com/it/Magic/Products/Singles/Worldwake/Quicksand";"https://product-images.s3.cardmarket.com/1/WWK/22125/22125.jpg";"N"
"=""2103084187""";"=""22261""";"Steppa di Sejiri";"";"";"";"Worldwake";"Common";"";"NM";"Near Mint";"N";"";"";"0,10";"0,10";"1";"0,10";"https://www.cardmarket.com/it/Magic/Products/Singles/Worldwake/Sejiri-Steppe";"https://product-images.s3.cardmarket.com/1/WWK/22261/22261.jpg";"N"
"=""2101899870""";"=""21925""";"Nibbio Infernale alla Carica";"";"";"";"Zendikar";"Rare";"";"NM";"Near Mint";"N";"";"";"0,50";"0,50";"1";"0,50";"https://www.cardmarket.com/it/Magic/Products/Singles/Zendikar/Hellkite-Charger";"https://product-images.s3.cardmarket.com/1/ZEN/21925/21925.jpg";"N"